Rank	Title	Worldwide Lifetime Gross	Domestic Lifetime Gross	Domestic %	Foreign Lifetime Gross	Foreign %	Year
1	Avatar	$2,847,379,794	$760,507,625	26.70%	$2,086,872,169	73.30%	2009
2	Avengers: Endgame	$2,797,501,328	$858,373,000	30.70%	$1,939,128,328	69.30%	2019
3	Titanic	$2,201,647,264	$659,363,944	30%	$1,542,283,320	70%	1997
4	Star Wars: Episode VII - The Force Awakens	$2,069,521,700	$936,662,225	45.30%	$1,132,859,475	54.70%	2015
5	Avengers: Infinity War	$2,048,359,754	$678,815,482	33.10%	$1,369,544,272	66.90%	2018
6	Spider-Man: No Way Home	$1,892,337,488	$804,337,488	42.50%	$1,088,000,000	57.50%	2021
7	Jurassic World	$1,671,537,444	$653,406,625	39.10%	$1,018,130,819	60.90%	2015
8	The Lion King	$1,662,899,439	$543,638,043	32.70%	$1,119,261,396	67.30%	2019
9	The Avengers	$1,518,815,515	$623,357,910	41%	$895,457,605	59%	2012
10	Furious 7	$1,515,341,399	$353,007,020	23.30%	$1,162,334,379	76.70%	2015
11	Frozen II	$1,450,026,933	$477,373,578	32.90%	$972,653,355	67.10%	2019
12	Avengers: Age of Ultron	$1,402,809,540	$459,005,868	32.70%	$943,803,672	67.30%	2015
13	Black Panther	$1,347,597,973	$700,426,566	52%	$647,171,407	48%	2018
14	Harry Potter and the Deathly Hallows: Part 2	$1,342,359,942	$381,447,587	28.40%	$960,912,355	71.60%	2011
15	Star Wars: Episode VIII - The Last Jedi	$1,332,698,830	$620,181,382	46.50%	$712,517,448	53.50%	2017
16	Jurassic World: Fallen Kingdom	$1,310,466,296	$417,719,760	31.90%	$892,746,536	68.10%	2018
17	Frozen	$1,281,508,100	$400,953,009	31.30%	$880,555,091	68.70%	2013
18	Beauty and the Beast	$1,273,576,220	$504,481,165	39.60%	$769,095,055	60.40%	2017
19	Incredibles 2	$1,243,089,244	$608,581,744	49%	$634,507,500	51%	2018
20	The Fate of the Furious	$1,236,005,118	$226,008,385	18.30%	$1,009,996,733	81.70%	2017
21	Iron Man 3	$1,214,811,252	$409,013,994	33.70%	$805,797,258	66.30%	2013
22	Minions	$1,159,444,662	$336,045,770	29%	$823,398,892	71%	2015
23	Captain America: Civil War	$1,153,337,496	$408,084,349	35.40%	$745,253,147	64.60%	2016
24	Aquaman	$1,148,528,393	$335,104,314	29.20%	$813,424,079	70.80%	2018
25	The Lord of the Rings: The Return of the King	$1,146,436,214	$378,251,207	33%	$768,185,007	67%	2003
26	Spider-Man: Far from Home	$1,131,927,996	$390,532,085	34.50%	$741,395,911	65.50%	2019
27	Captain Marvel	$1,128,462,972	$426,829,839	37.80%	$701,633,133	62.20%	2019
28	Transformers: Dark of the Moon	$1,123,794,079	$352,390,543	31.40%	$771,403,536	68.60%	2011
29	Skyfall	$1,108,569,499	$304,360,277	27.50%	$804,209,222	72.50%	2012
30	Transformers: Age of Extinction	$1,104,054,072	$245,439,076	22.20%	$858,614,996	77.80%	2014
31	Jurassic Park	$1,099,428,303	$404,214,720	36.80%	$695,213,583	63.20%	1993
32	The Dark Knight Rises	$1,081,153,097	$448,149,584	41.40%	$633,003,513	58.60%	2012
33	Joker	$1,074,445,730	$335,477,657	31.20%	$738,968,073	68.80%	2019
34	Star Wars: Episode IX - The Rise of Skywalker	$1,074,149,279	$515,202,542	48%	$558,946,737	52%	2019
35	Toy Story 4	$1,073,394,593	$434,038,008	40.40%	$639,356,585	59.60%	2019
36	Toy Story 3	$1,066,970,811	$415,004,880	38.90%	$651,965,931	61.10%	2010
37	Pirates of the Caribbean: Dead Man's Chest	$1,066,179,747	$423,315,812	39.70%	$642,863,935	60.30%	2006
38	The Lion King	$1,063,611,805	$422,783,777	39.80%	$640,828,028	60.20%	1994
39	Rogue One: A Star Wars Story	$1,056,057,720	$532,177,324	50.40%	$523,880,396	49.60%	2016
40	Aladdin	$1,050,693,953	$355,559,216	33.80%	$695,134,737	66.20%	2019
41	Pirates of the Caribbean: On Stranger Tides	$1,045,713,802	$241,071,802	23%	$804,642,000	77%	2011
42	Despicable Me 3	$1,034,800,131	$264,624,300	25.60%	$770,175,831	74.40%	2017
43	Finding Dory	$1,028,570,942	$486,295,561	47.30%	$542,275,381	52.70%	2016
44	Star Wars: Episode I - The Phantom Menace	$1,027,082,707	$474,544,677	46.20%	$552,538,030	53.80%	1999
45	Alice in Wonderland	$1,025,468,216	$334,191,110	32.60%	$691,277,106	67.40%	2010
46	Zootopia	$1,024,121,104	$341,268,248	33.30%	$682,852,856	66.70%	2016
47	Harry Potter and the Sorcerer's Stone	$1,017,713,119	$318,886,962	31.30%	$698,826,157	68.70%	2001
48	The Hobbit: An Unexpected Journey	$1,017,030,651	$303,030,651	29.80%	$714,000,000	70.20%	2012
49	The Dark Knight	$1,006,102,277	$534,987,076	53.20%	$471,115,201	46.80%	2008
50	Harry Potter and the Deathly Hallows: Part 1	$977,070,383	$296,374,621	30.30%	$680,695,762	69.70%	2010
51	Despicable Me 2	$970,766,005	$368,065,385	37.90%	$602,700,620	62.10%	2013
52	The Jungle Book	$966,554,929	$364,001,123	37.70%	$602,553,806	62.30%	2016
53	Jumanji: Welcome to the Jungle	$962,542,945	$404,540,171	42%	$558,002,774	58%	2017
54	The Hobbit: The Battle of the Five Armies	$962,201,338	$255,138,261	26.50%	$707,063,077	73.50%	2014
55	Pirates of the Caribbean: At World's End	$960,996,492	$309,420,425	32.20%	$651,576,067	67.80%	2007
56	The Hobbit: The Desolation of Smaug	$959,027,992	$258,387,334	26.90%	$700,640,658	73.10%	2013
57	The Lord of the Rings: The Two Towers	$947,896,241	$342,952,511	36.20%	$604,943,730	63.80%	2002
58	Harry Potter and the Order of the Phoenix	$942,201,710	$292,382,727	31%	$649,818,983	69%	2007
59	Finding Nemo	$940,352,645	$380,843,261	40.50%	$559,509,384	59.50%	2003
60	Harry Potter and the Half-Blood Prince	$934,483,039	$302,334,374	32.40%	$632,148,665	67.60%	2009
61	Shrek 2	$928,760,770	$441,226,247	47.50%	$487,534,523	52.50%	2004
62	Bohemian Rhapsody	$910,809,311	$216,668,042	23.80%	$694,141,269	76.20%	2018
63	The Battle at Lake Changjin	$902,540,935	$342,411	<0.1%	$902,198,524	100%	2021
64	The Lord of the Rings: The Fellowship of the Ring	$898,094,742	$316,115,420	35.20%	$581,979,322	64.80%	2001
65	Harry Potter and the Goblet of Fire	$896,730,264	$290,469,928	32.40%	$606,260,336	67.60%	2005
66	Spider-Man 3	$894,983,373	$336,530,303	37.60%	$558,453,070	62.40%	2007
67	Ice Age 3: Dawn of the Dinosaurs	$886,686,817	$196,573,705	22.20%	$690,113,112	77.80%	2009
68	Spectre	$880,681,519	$200,074,609	22.70%	$680,606,910	77.30%	2015
69	Spider-Man: Homecoming	$880,166,924	$334,201,140	38%	$545,965,784	62%	2017
70	Harry Potter and the Chamber of Secrets	$879,793,867	$262,641,637	29.80%	$617,152,230	70.20%	2002
71	Ice Age 4: Continental Drift	$877,244,782	$161,321,843	18.40%	$715,922,939	81.60%	2012
72	The Secret Life of Pets	$875,458,631	$368,384,330	42.10%	$507,074,301	57.90%	2016
73	Batman v Superman: Dawn of Justice	$873,637,528	$330,360,194	37.80%	$543,277,334	62.20%	2016
74	Wolf Warrior 2	$870,325,439	$2,721,100	0.30%	$867,604,339	99.70%	2017
75	Star Wars: Episode III - Revenge of the Sith	$868,390,560	$380,270,577	43.80%	$488,119,983	56.20%	2005
76	The Hunger Games: Catching Fire	$865,011,746	$424,668,047	49.10%	$440,343,699	50.90%	2013
77	Guardians of the Galaxy Vol. 2	$863,756,051	$389,813,101	45.10%	$473,942,950	54.90%	2017
78	Inside Out	$858,848,019	$356,921,711	41.60%	$501,926,308	58.40%	2015
79	Venom	$856,085,151	$213,515,506	24.90%	$642,569,645	75.10%	2018
80	Thor: Ragnarok	$853,983,911	$315,058,289	36.90%	$538,925,622	63.10%	2017
81	Inception	$836,848,102	$292,587,330	35%	$544,260,772	65%	2010
82	Transformers: Revenge of the Fallen	$836,303,693	$402,111,870	48.10%	$434,191,823	51.90%	2009
83	The Twilight Saga: Breaking Dawn - Part 2	$829,747,654	$292,324,737	35.20%	$537,422,917	64.80%	2012
84	Spider-Man	$825,025,036	$407,022,860	49.30%	$418,002,176	50.70%	2002
85	Wonder Woman	$822,854,286	$412,845,172	50.20%	$410,009,114	49.80%	2017
86	Hi, Mom	$822,009,764	-	-	$822,009,764	100%	2021
87	Independence Day	$817,400,891	$306,169,268	37.50%	$511,231,623	62.50%	1996
88	Fantastic Beasts and Where to Find Them	$814,044,001	$234,037,575	28.80%	$580,006,426	71.20%	2016
89	Shrek the Third	$813,367,380	$322,719,944	39.70%	$490,647,436	60.30%	2007
90	Coco	$807,817,888	$210,460,015	26%	$597,357,873	74%	2017
91	Jumanji: The Next Level	$800,059,707	$320,314,960	40%	$479,744,747	60%	2019
92	Harry Potter and the Prisoner of Azkaban	$797,491,273	$250,105,651	31.40%	$547,385,622	68.60%	2004
93	Pirates of the Caribbean: Dead Men Tell No Tales	$794,881,442	$172,558,876	21.70%	$622,322,566	78.30%	2017
94	E.T. the Extra-Terrestrial	$792,910,554	$435,110,554	54.90%	$357,800,000	45.10%	1982
95	Mission: Impossible - Fallout	$791,657,398	$220,159,104	27.80%	$571,498,294	72.20%	2018
96	2012	$791,217,826	$166,112,167	21%	$625,105,659	79%	2009
97	Indiana Jones and the Kingdom of the Crystal Skull	$790,653,942	$317,101,119	40.10%	$473,552,823	59.90%	2008
98	Spider-Man 2	$788,976,453	$373,585,825	47.40%	$415,390,628	52.60%	2004
99	Fast & Furious 6	$788,680,968	$238,679,850	30.30%	$550,001,118	69.70%	2013
100	Deadpool 2	$785,896,609	$324,591,735	41.30%	$461,304,874	58.70%	2018
101	Deadpool	$782,836,791	$363,070,709	46.40%	$419,766,082	53.60%	2016
102	Star Wars	$775,398,007	$460,998,507	59.40%	$314,399,500	40.60%	1977
103	No Time to Die	$774,153,007	$160,891,007	20.80%	$613,262,000	79.20%	2021
104	Guardians of the Galaxy	$773,350,147	$333,718,600	43.20%	$439,631,547	56.80%	2014
105	The Da Vinci Code	$760,006,945	$217,536,138	28.60%	$542,470,807	71.40%	2006
106	Fast & Furious Presents: Hobbs & Shaw	$759,056,935	$173,956,935	22.90%	$585,100,000	77.10%	2019
107	Maleficent	$758,411,779	$241,410,378	31.80%	$517,001,401	68.20%	2014
108	The Amazing Spider-Man	$757,930,663	$262,030,663	34.60%	$495,900,000	65.40%	2012
109	The Hunger Games: Mockingjay - Part 1	$755,356,711	$337,135,885	44.60%	$418,220,826	55.40%	2014
110	The Batman	$753,223,000	$366,623,000	48.70%	$386,600,000	51.30%	2022
111	Shrek Forever After	$752,600,867	$238,736,787	31.70%	$513,864,080	68.30%	2010
112	Madagascar 3: Europe's Most Wanted	$746,921,274	$216,391,482	29%	$530,529,792	71%	2012
113	Suicide Squad	$746,846,894	$325,100,054	43.50%	$421,746,840	56.50%	2016
114	X-Men: Days of Future Past	$746,045,700	$233,921,534	31.40%	$512,124,166	68.60%	2014
115	The Chronicles of Narnia: The Lion, the Witch and the Wardrobe	$745,013,115	$291,710,957	39.20%	$453,302,158	60.80%	2005
116	Monsters University	$743,559,645	$268,492,764	36.10%	$475,066,881	63.90%	2013
117	The Matrix Reloaded	$741,847,937	$281,576,461	38%	$460,271,476	62%	2003
118	Up	$735,099,102	$293,004,164	39.90%	$442,094,938	60.10%	2009
119	Ne Zha	$726,264,074	$3,695,533	0.50%	$722,568,541	99.50%	2019
120	F9: The Fast Saga	$726,229,501	$173,005,945	23.80%	$553,223,556	76.20%	2021
121	Gravity	$723,192,705	$274,092,705	37.90%	$449,100,000	62.10%	2013
122	Captain America: The Winter Soldier	$714,421,503	$259,766,572	36.40%	$454,654,931	63.60%	2014
123	The Twilight Saga: Breaking Dawn - Part 1	$712,205,856	$281,287,133	39.50%	$430,918,723	60.50%	2011
124	The Twilight Saga: New Moon	$711,025,481	$297,816,253	41.90%	$413,209,228	58.10%	2009
125	Dawn of the Planet of the Apes	$710,644,566	$208,545,589	29.40%	$502,098,977	70.60%	2014
126	Transformers	$709,709,780	$319,246,193	45%	$390,463,587	55%	2007
127	The Amazing Spider-Man 2	$708,982,323	$202,853,933	28.60%	$506,128,390	71.40%	2014
128	It	$701,842,551	$328,874,981	46.90%	$372,967,570	53.10%	2017
129	Interstellar	$701,729,206	$188,020,017	26.80%	$513,709,189	73.20%	2014
130	The Wandering Earth	$699,992,512	$5,971,413	0.80%	$694,021,099	99.20%	2019
131	The Twilight Saga: Eclipse	$698,491,347	$300,531,751	43%	$397,959,596	57%	2010
132	Mission: Impossible - Ghost Protocol	$694,713,380	$209,397,903	30.10%	$485,315,477	69.90%	2011
133	The Hunger Games	$694,394,724	$408,010,692	58.80%	$286,384,032	41.20%	2012
134	Detective Chinatown 3	$686,257,563	-	-	$686,257,563	100%	2021
135	Mission: Impossible - Rogue Nation	$682,716,636	$195,042,377	28.60%	$487,674,259	71.40%	2015
136	Forrest Gump	$678,226,133	$330,455,270	48.70%	$347,770,863	51.30%	1994
137	Doctor Strange	$677,796,076	$232,641,920	34.30%	$445,154,156	65.70%	2016
138	The Sixth Sense	$672,806,432	$293,506,292	43.60%	$379,300,140	56.40%	1999
139	Man of Steel	$668,045,518	$291,045,518	43.60%	$377,000,000	56.40%	2013
140	Ice Age 2: The Meltdown	$667,094,506	$195,330,621	29.30%	$471,763,885	70.70%	2006
141	Kung Fu Panda 2	$665,692,281	$165,249,063	24.80%	$500,443,218	75.20%	2011
142	The Hunger Games: Mockingjay - Part 2	$658,344,137	$281,723,902	42.80%	$376,620,235	57.20%	2015
143	Justice League	$657,926,987	$229,024,295	34.80%	$428,902,692	65.20%	2017
144	Big Hero 6	$657,869,686	$222,527,828	33.80%	$435,341,858	66.20%	2014
145	Fantastic Beasts: The Crimes of Grindelwald	$654,855,901	$159,555,901	24.40%	$495,300,000	75.60%	2018
146	Pirates of the Caribbean: The Curse of the Black Pearl	$654,264,015	$305,413,918	46.70%	$348,850,097	53.30%	2003
147	Star Wars: Episode II - Attack of the Clones	$653,779,970	$310,676,740	47.50%	$343,103,230	52.50%	2002
148	Thor: The Dark World	$644,783,140	$206,362,140	32%	$438,421,000	68%	2013
149	Moana	$644,136,488	$248,757,044	38.60%	$395,379,444	61.40%	2016
150	Sing	$634,338,384	$270,578,425	42.70%	$363,759,959	57.30%	2016
151	Kung Fu Panda	$632,083,197	$215,771,591	34.10%	$416,311,606	65.90%	2008
152	The Incredibles	$631,607,053	$261,441,092	41.40%	$370,165,961	58.60%	2004
153	The Martian	$630,620,818	$228,433,663	36.20%	$402,187,155	63.80%	2015
154	Hancock	$629,443,428	$227,946,274	36.20%	$401,497,154	63.80%	2008
155	Water Gate Bridge	$626,203,271	$117,294	<0.1%	$626,085,977	100%	2022
156	Fast Five	$626,137,675	$209,837,675	33.50%	$416,300,000	66.50%	2011
157	Men in Black 3	$624,026,776	$179,020,854	28.70%	$445,005,922	71.30%	2012
158	Iron Man 2	$623,933,331	$312,433,331	50.10%	$311,500,000	49.90%	2010
159	Ratatouille	$623,726,085	$206,445,654	33.10%	$417,280,431	66.90%	2007
160	Ant-Man and the Wasp	$622,674,139	$216,648,740	34.80%	$406,025,399	65.20%	2018
161	How to Train Your Dragon 2	$621,537,519	$177,002,924	28.50%	$444,534,595	71.50%	2014
162	Logan	$619,179,950	$226,277,068	36.50%	$392,902,882	63.50%	2017
163	The Lost World: Jurassic Park	$618,638,999	$229,086,679	37%	$389,552,320	63%	1997
164	Casino Royale	$616,502,912	$167,445,960	27.20%	$449,056,952	72.80%	2006
165	The Passion of the Christ	$612,054,506	$370,782,930	60.60%	$241,271,576	39.40%	2004
166	Mamma Mia!	$611,257,819	$144,169,664	23.60%	$467,088,155	76.40%	2008
167	Life of Pi	$609,016,565	$124,987,023	20.50%	$484,029,542	79.50%	2012
168	Transformers: The Last Knight	$605,425,157	$130,168,683	21.50%	$475,256,474	78.50%	2017
169	Madagascar: Escape 2 Africa	$603,900,354	$180,010,950	29.80%	$423,889,404	70.20%	2008
170	War of the Worlds	$603,873,119	$234,280,354	38.80%	$369,592,765	61.20%	2005
171	Tangled	$592,462,816	$200,821,936	33.90%	$391,640,880	66.10%	2010
172	Quantum of Solace	$589,580,482	$168,368,427	28.60%	$421,212,055	71.40%	2008
173	Men in Black	$589,390,539	$250,690,539	42.50%	$338,700,000	57.50%	1997
174	The Croods	$587,235,983	$187,168,425	31.90%	$400,067,558	68.10%	2013
175	The Hangover Part II	$586,764,305	$254,464,305	43.40%	$332,300,000	56.60%	2011
176	Iron Man	$585,796,247	$319,034,126	54.50%	$266,762,121	45.50%	2008
177	I Am Legend	$585,410,052	$256,393,010	43.80%	$329,017,042	56.20%	2007
178	Ready Player One	$582,918,849	$137,715,350	23.60%	$445,203,499	76.40%	2018
179	Monsters, Inc.	$579,707,738	$290,642,256	50.10%	$289,065,482	49.90%	2001
180	Operation Red Sea	$579,330,426	$1,543,547	0.30%	$577,786,879	99.70%	2018
181	Night at the Museum	$574,481,229	$250,863,268	43.70%	$323,617,961	56.30%	2006
182	Fifty Shades of Grey	$569,651,467	$166,167,230	29.20%	$403,484,237	70.80%	2015
183	Kong: Skull Island	$566,652,812	$168,052,812	29.70%	$398,600,000	70.30%	2017
184	The Smurfs	$563,749,323	$142,614,158	25.30%	$421,135,165	74.70%	2011
185	Cars 2	$559,852,396	$191,452,396	34.20%	$368,400,000	65.80%	2011
186	King Kong	$556,906,378	$218,080,025	39.20%	$338,826,353	60.80%	2005
187	Puss in Boots	$554,987,477	$149,260,504	26.90%	$405,726,973	73.10%	2011
188	The Mermaid	$553,810,228	$3,232,685	0.60%	$550,577,543	99.40%	2016
189	Armageddon	$553,709,788	$201,578,182	36.40%	$352,131,606	63.60%	1998
190	The Day After Tomorrow	$552,639,571	$186,740,799	33.80%	$365,898,772	66.20%	2004
191	Ted	$549,368,315	$218,815,487	39.80%	$330,552,828	60.20%	2012
192	American Sniper	$547,459,020	$350,159,020	64%	$197,300,000	36%	2014
193	Mission: Impossible II	$546,388,108	$215,409,889	39.40%	$330,978,219	60.60%	2000
194	Detective Chinatown 2	$544,185,156	$1,983,984	0.40%	$542,201,172	99.60%	2018
195	X-Men: Apocalypse	$543,934,105	$155,442,489	28.60%	$388,491,616	71.40%	2016
196	Sherlock Holmes: A Game of Shadows	$543,848,418	$186,848,418	34.40%	$357,000,000	65.60%	2011
197	Despicable Me	$543,157,985	$251,557,985	46.30%	$291,600,000	53.70%	2010
198	Cinderella	$542,358,331	$201,151,353	37.10%	$341,206,978	62.90%	2015
199	Madagascar	$542,063,846	$193,595,521	35.70%	$348,468,325	64.30%	2005
200	World War Z	$540,455,876	$202,807,711	37.50%	$337,648,165	62.50%	2013
201	Brave	$538,983,207	$237,283,207	44%	$301,700,000	56%	2012
202	Star Wars: Episode V - The Empire Strikes Back	$538,375,067	$292,753,960	54.40%	$245,621,107	45.60%	1980
203	The Simpsons Movie	$536,414,293	$183,135,014	34.10%	$353,279,279	65.90%	2007
204	The Revenant	$532,950,503	$183,637,894	34.50%	$349,312,609	65.50%	2015
205	The Meg	$530,517,320	$145,522,784	27.40%	$384,994,536	72.60%	2018
206	Ralph Breaks the Internet	$529,323,962	$201,091,711	38%	$328,232,251	62%	2018
207	Hotel Transylvania 3: Summer Vacation	$528,583,774	$167,510,016	31.70%	$361,073,758	68.30%	2018
208	The Boss Baby	$527,965,936	$175,003,033	33.20%	$352,962,903	66.80%	2017
209	Dunkirk	$527,016,307	$189,740,665	36%	$337,275,642	64%	2017
210	Godzilla	$524,976,069	$200,676,069	38.20%	$324,300,000	61.80%	2014
211	How to Train Your Dragon: The Hidden World	$524,535,083	$160,945,505	30.70%	$363,589,578	69.30%	2019
212	Sherlock Holmes	$524,028,679	$209,028,679	39.90%	$315,000,000	60.10%	2009
213	Meet the Fockers	$522,657,936	$279,261,160	53.40%	$243,396,776	46.60%	2004
214	WALL·E	$521,311,890	$223,808,164	42.90%	$297,503,726	57.10%	2008
215	Kung Fu Panda 3	$521,170,825	$143,528,619	27.50%	$377,642,206	72.50%	2016
216	Terminator 2: Judgment Day	$520,881,154	$205,881,154	39.50%	$315,000,000	60.50%	1991
217	Ant-Man	$519,311,965	$180,202,163	34.70%	$339,109,802	65.30%	2015
218	The Grinch	$512,858,819	$271,384,731	52.90%	$241,474,088	47.10%	2018
219	Ghost	$505,703,557	$217,631,306	43%	$288,072,251	57%	1990
220	Aladdin	$504,050,219	$217,350,219	43.10%	$286,700,000	56.90%	1992
221	Venom: Let There Be Carnage	$502,050,366	$213,550,366	42.50%	$288,500,000	57.50%	2021
222	Rio 2	$498,781,117	$131,538,435	26.40%	$367,242,682	73.60%	2014
223	Troy	$497,409,852	$133,378,256	26.80%	$364,031,596	73.20%	2004
224	Toy Story 2	$497,375,381	$245,852,179	49.40%	$251,523,202	50.60%	1999
225	How to Train Your Dragon	$494,879,471	$217,581,231	44%	$277,298,240	56%	2010
226	Twister	$494,580,615	$241,830,615	48.90%	$252,750,000	51.10%	1996
227	Oz the Great and Powerful	$493,311,825	$234,911,825	47.60%	$258,400,000	52.40%	2013
228	Clash of the Titans	$493,214,993	$163,214,888	33.10%	$330,000,105	66.90%	2010
229	Maleficent: Mistress of Evil	$491,730,089	$113,929,605	23.20%	$377,800,484	76.80%	2019
230	War for the Planet of the Apes	$490,719,763	$146,880,162	29.90%	$343,839,601	70.10%	2017
231	Shrek	$488,351,320	$268,163,011	54.90%	$220,188,309	45.10%	2001
232	Mr. & Mrs. Smith	$487,287,646	$186,336,279	38.20%	$300,951,367	61.80%	2005
233	Angels & Demons	$485,930,816	$133,375,846	27.40%	$352,554,970	72.60%	2009
234	Teenage Mutant Ninja Turtles	$485,004,754	$191,204,754	39.40%	$293,800,000	60.60%	2014
235	Bruce Almighty	$484,592,874	$242,829,261	50.10%	$241,763,613	49.90%	2003
236	Rio	$483,866,518	$143,619,809	29.70%	$340,246,709	70.30%	2011
237	Saving Private Ryan	$482,349,603	$217,049,603	45%	$265,300,000	55%	1998
238	Rise of the Planet of the Apes	$481,800,873	$176,760,185	36.70%	$305,040,688	63.30%	2011
239	Home Alone	$476,684,675	$285,761,243	60%	$190,923,432	40%	1990
240	Hotel Transylvania 2	$475,186,706	$169,700,110	35.70%	$305,486,596	64.30%	2015
241	Star Wars: Episode VI - Return of the Jedi	$475,106,177	$309,306,177	65.10%	$165,800,000	34.90%	1983
242	Charlie and the Chocolate Factory	$474,968,763	$206,459,076	43.50%	$268,509,687	56.50%	2005
243	Indiana Jones and the Last Crusade	$474,171,806	$197,171,806	41.60%	$277,000,000	58.40%	1989
244	San Andreas	$474,009,154	$155,190,832	32.70%	$318,818,322	67.30%	2015
245	It Chapter Two	$473,122,525	$211,622,525	44.70%	$261,500,000	55.30%	2019
246	Jaws	$471,411,300	$260,758,300	55.30%	$210,653,000	44.70%	1975
247	Wreck-It Ralph	$471,222,889	$189,422,889	40.20%	$281,800,000	59.80%	2012
248	The Hangover	$469,328,079	$277,339,746	59.10%	$191,988,333	40.90%	2009
249	The Lego Movie	$468,266,122	$257,966,122	55.10%	$210,300,000	44.90%	2014
250	Godzilla vs. Kong	$468,216,094	$100,916,094	21.60%	$367,300,000	78.40%	2021
251	Bumblebee	$467,989,645	$127,195,589	27.20%	$340,794,056	72.80%	2018
252	Star Trek Into Darkness	$467,365,246	$228,778,661	49%	$238,586,585	51%	2013
253	The Matrix	$467,222,728	$172,076,928	36.80%	$295,145,800	63.20%	1999
254	Gladiator	$465,380,802	$187,705,427	40.30%	$277,675,375	59.70%	2000
255	Pretty Woman	$463,406,268	$178,406,268	38.50%	$285,000,000	61.50%	1990
256	Cars	$461,991,867	$244,082,982	52.80%	$217,908,885	47.20%	2006
257	The Eight Hundred	$461,421,559	$372,755	<0.1%	$461,048,804	99.90%	2020
258	X-Men: The Last Stand	$460,435,291	$234,362,462	50.90%	$226,072,829	49.10%	2006
259	National Treasure: Book of Secrets	$459,242,249	$219,964,115	47.90%	$239,278,134	52.10%	2007
260	Lucy	$458,863,600	$126,663,600	27.60%	$332,200,000	72.40%	2014
261	Mission: Impossible	$457,696,391	$180,981,856	39.50%	$276,714,535	60.50%	1996
262	300	$456,082,343	$210,629,101	46.20%	$245,453,242	53.80%	2007
263	Demon Slayer the Movie: Mugen Train	$454,779,627	$49,505,008	10.90%	$405,274,619	89.10%	2020
264	The Last Samurai	$454,627,263	$111,127,263	24.40%	$343,500,000	75.60%	2003
265	Dying to Survive	$451,183,391	$6,752	-	$451,176,639	100%	2018
266	Ocean's Eleven	$450,717,150	$183,417,150	40.70%	$267,300,000	59.30%	2001
267	My People, My Country	$450,064,993	$2,356,683	0.50%	$447,708,310	99.50%	2019
268	Thor	$449,326,618	$181,030,624	40.30%	$268,295,994	59.70%	2011
269	Pearl Harbor	$449,220,945	$198,542,554	44.20%	$250,678,391	55.80%	2001
270	La La Land	$448,906,865	$151,101,803	33.70%	$297,805,062	66.30%	2016
271	Tarzan	$448,191,819	$171,091,819	38.20%	$277,100,000	61.80%	1999
272	Men in Black II	$445,135,288	$193,735,288	43.50%	$251,400,000	56.50%	2002
273	The Bourne Ultimatum	$444,100,035	$227,471,070	51.20%	$216,628,965	48.80%	2007
274	The Mummy Returns	$443,280,904	$202,019,785	45.60%	$241,261,119	54.40%	2001
275	Alvin and the Chipmunks: The Squeakquel	$443,140,005	$219,614,612	49.60%	$223,525,393	50.40%	2009
276	Les Misérables	$442,299,309	$148,809,770	33.60%	$293,489,539	66.40%	2012
277	The Exorcist	$441,306,145	$233,005,644	52.80%	$208,300,501	47.20%	1973
278	Mrs. Doubtfire	$441,286,195	$219,195,243	49.70%	$222,090,952	50.30%	1993
279	Terminator Genisys	$440,603,537	$89,760,956	20.40%	$350,842,581	79.60%	2015
280	Warcraft	$439,048,914	$47,365,290	10.80%	$391,683,624	89.20%	2016
281	The Greatest Showman	$436,949,634	$174,340,174	39.90%	$262,609,460	60.10%	2017
282	A Star Is Born	$436,233,122	$215,333,122	49.40%	$220,900,000	50.60%	2018
283	Pokémon Detective Pikachu	$433,477,601	$144,174,568	33.30%	$289,303,033	66.70%	2019
284	Terminator 3: Rise of the Machines	$433,371,112	$150,371,112	34.70%	$283,000,000	65.30%	2003
285	Shang-Chi and the Legend of the Ten Rings	$432,243,292	$224,543,292	52%	$207,700,000	48%	2021
286	Die Another Day	$431,971,116	$160,942,139	37.30%	$271,028,977	62.70%	2002
287	The Secret Life of Pets 2	$430,051,293	$158,874,395	36.90%	$271,176,898	63.10%	2019
288	Cast Away	$429,632,142	$233,632,142	54.40%	$196,000,000	45.60%	2000
289	Rampage	$428,028,233	$101,028,233	23.60%	$327,000,000	76.40%	2018
290	The King's Speech	$427,374,317	$138,797,449	32.50%	$288,576,868	67.50%	2010
291	The Matrix Revolutions	$427,344,325	$139,313,948	32.60%	$288,030,377	67.40%	2003
292	The Intouchables	$426,588,510	$10,198,820	2.40%	$416,389,690	97.60%	2011
293	Bad Boys for Life	$426,505,244	$206,305,244	48.40%	$220,200,000	51.60%	2020
294	Django Unchained	$426,074,373	$162,805,434	38.20%	$263,268,939	61.80%	2012
295	Beauty and the Beast	$424,967,620	$218,967,620	51.50%	$206,000,000	48.50%	1991
296	Dances with Wolves	$424,208,848	$184,208,848	43.40%	$240,000,000	56.60%	1990
297	My People, My Homeland	$422,390,820	-	-	$422,390,820	100%	2020
298	The Chronicles of Narnia: Prince Caspian	$419,665,568	$141,621,490	33.80%	$278,044,078	66.20%	2008
299	Sex and the City	$418,765,519	$152,647,258	36.40%	$266,118,261	63.60%	2008
300	The Captain	$417,282,021	$706,572	0.20%	$416,575,449	99.80%	2019
301	The Mummy	$415,933,406	$155,385,488	37.40%	$260,547,918	62.60%	1999
302	The Chronicles of Narnia: The Voyage of the Dawn Treader	$415,686,217	$104,386,950	25.10%	$311,299,267	74.90%	2010
303	Jason Bourne	$415,484,914	$162,434,410	39.10%	$253,050,504	60.90%	2016
304	The Wolverine	$414,828,246	$132,556,852	32%	$282,271,394	68%	2013
305	Kingsman: The Secret Service	$414,351,546	$128,261,724	31%	$286,089,822	69%	2015
306	Night at the Museum: Battle of the Smithsonian	$413,106,170	$177,243,721	42.90%	$235,862,449	57.10%	2009
307	Batman	$411,569,241	$251,409,241	61.10%	$160,160,000	38.90%	1989
308	The Bodyguard	$411,046,449	$122,046,449	29.70%	$289,000,000	70.30%	1992
309	Pacific Rim	$411,002,906	$101,802,906	24.80%	$309,200,000	75.20%	2013
310	Kingsman: The Golden Circle	$410,902,662	$100,234,838	24.40%	$310,667,824	75.60%	2017
311	The Mummy	$409,231,607	$80,227,895	19.60%	$329,003,712	80.40%	2017
312	Ice Age 5: Collision Course	$408,754,975	$64,063,008	15.70%	$344,691,967	84.30%	2016
313	Twilight	$408,430,415	$193,962,473	47.50%	$214,467,942	52.50%	2008
314	Signs	$408,247,917	$227,966,634	55.80%	$180,281,283	44.20%	2002
315	X2: X-Men United	$407,711,549	$214,949,694	52.70%	$192,761,855	47.30%	2003
316	Alita: Battle Angel	$404,980,543	$85,838,210	21.20%	$319,142,333	78.80%	2019
317	Sing 2	$403,824,195	$162,520,195	40.20%	$241,304,000	59.80%	2021
318	The Mummy: Tomb of the Dragon Emperor	$403,449,830	$102,491,776	25.40%	$300,958,054	74.60%	2008
319	Prometheus	$403,354,469	$126,477,084	31.40%	$276,877,385	68.60%	2012
320	Gone with the Wind	$402,382,193	$200,882,193	49.90%	$201,500,000	50.10%	1939
321	Mamma Mia! Here We Go Again	$402,254,384	$120,634,935	30%	$281,619,449	70%	2018
322	Eternals	$402,064,899	$164,870,234	41%	$237,194,665	59%	2021
323	Dune	$400,671,789	$108,327,830	27%	$292,343,959	73%	2021
324	TRON: Legacy	$400,063,852	$172,062,763	43%	$228,001,089	57%	2010
325	Mission: Impossible III	$398,479,497	$134,029,801	33.60%	$264,449,696	66.40%	2006
326	Snow White and the Huntsman	$396,592,829	$155,332,381	39.20%	$241,260,448	60.80%	2012
327	Grease	$396,271,103	$190,071,103	48%	$206,200,000	52%	1978
328	Toy Story	$394,436,586	$223,225,679	56.60%	$171,210,907	43.40%	1995
329	Solo: A Star Wars Story	$392,924,807	$213,767,512	54.40%	$179,157,295	45.60%	2018
330	The Wolf of Wall Street	$392,000,694	$116,900,694	29.80%	$275,100,000	70.20%	2013
331	Superman Returns	$391,081,192	$200,081,192	51.20%	$191,000,000	48.80%	2006
332	Robin Hood: Prince of Thieves	$390,493,908	$165,493,908	42.40%	$225,000,000	57.60%	1991
333	Indiana Jones and the Raiders of the Lost Ark	$389,925,971	$248,159,971	63.60%	$141,766,000	36.40%	1981
334	Uncharted	$389,824,237	$145,624,237	37.40%	$244,200,000	62.60%	2022
335	Independence Day: Resurgence	$389,681,935	$103,144,286	26.50%	$286,537,649	73.50%	2016
336	Live Free or Die Hard	$388,156,011	$134,529,403	34.70%	$253,626,608	65.30%	2007
337	Monster Hunt	$387,053,506	$32,766	<0.1%	$387,020,740	100%	2015
338	Godzilla: King of the Monsters	$386,600,138	$110,500,138	28.60%	$276,100,000	71.40%	2019
339	Home	$386,041,607	$177,397,510	46%	$208,644,097	54%	2015
340	Star Trek	$385,680,446	$257,730,019	66.80%	$127,950,427	33.20%	2009
341	1917	$384,919,389	$159,227,644	41.40%	$225,691,745	58.60%	2019
342	Happy Feet	$384,336,108	$198,000,317	51.50%	$186,335,791	48.50%	2006
343	Cars 3	$383,930,656	$152,901,115	39.80%	$231,029,541	60.20%	2017
344	Back to the Future	$383,336,762	$212,836,762	55.50%	$170,500,000	44.50%	1985
345	Ice Age	$383,257,136	$176,387,405	46%	$206,869,731	54%	2002
346	Fifty Shades Darker	$381,545,846	$114,581,250	30%	$266,964,596	70%	2017
347	Monsters vs. Aliens	$381,509,870	$198,351,526	52%	$183,158,344	48%	2009
348	Black Widow	$379,751,655	$183,651,655	48.40%	$196,100,000	51.60%	2021
349	Godzilla	$379,014,294	$136,314,294	36%	$242,700,000	64%	1998
350	True Lies	$378,882,411	$146,282,411	38.60%	$232,600,000	61.40%	1994
351	Slumdog Millionaire	$378,410,542	$141,319,928	37.40%	$237,090,614	62.60%	2008
352	Taken 2	$376,152,455	$139,854,287	37.20%	$236,298,168	62.80%	2012
353	G.I. Joe: Retaliation	$375,740,705	$122,523,060	32.60%	$253,217,645	67.40%	2013
354	Mad Max: Fury Road	$375,709,470	$154,109,060	41%	$221,600,410	59%	2015
355	Spider-Man: Into the Spider-Verse	$375,540,831	$190,241,310	50.70%	$185,299,521	49.30%	2018
356	Shark Tale	$374,583,879	$160,861,908	42.90%	$213,721,971	57.10%	2004
357	Once Upon a Time... In Hollywood	$374,565,754	$142,502,728	38%	$232,063,026	62%	2019
358	What Women Want	$374,111,707	$182,811,707	48.90%	$191,300,000	51.10%	2000
359	The Adventures of Tintin	$373,993,951	$77,591,831	20.80%	$296,402,120	79.20%	2011
360	Batman Begins	$373,672,993	$206,863,479	55.40%	$166,809,514	44.60%	2005
361	Penguins of Madagascar	$373,515,621	$83,850,911	22.40%	$289,664,710	77.60%	2014
362	X-Men Origins: Wolverine	$373,062,864	$179,883,157	48.20%	$193,179,707	51.80%	2009
363	The Golden Compass	$372,234,864	$70,107,728	18.80%	$302,127,136	81.20%	2007
364	Fifty Shades Freed	$371,985,018	$100,407,760	27%	$271,577,258	73%	2018
365	Hitch	$371,594,210	$179,495,555	48.30%	$192,098,655	51.70%	2005
366	Terminator Salvation	$371,353,001	$125,322,469	33.80%	$246,030,532	66.20%	2009
367	Captain America: The First Avenger	$370,569,774	$176,654,505	47.70%	$193,915,269	52.30%	2011
368	Edge of Tomorrow	$370,541,256	$100,206,256	27%	$270,335,000	73%	2014
369	There's Something About Mary	$369,884,651	$176,484,651	47.70%	$193,400,000	52.30%	1998
370	Gone Girl	$369,330,363	$167,767,189	45.40%	$201,563,174	54.60%	2014
371	The Fugitive	$368,875,760	$183,875,760	49.80%	$185,000,000	50.20%	1993
372	Jurassic Park III	$368,780,809	$181,171,875	49.10%	$187,608,934	50.90%	2001
373	My Big Fat Greek Wedding	$368,744,044	$241,438,208	65.50%	$127,305,836	34.50%	2002
374	Hello Mr. Billionaire	$366,961,907	-	-	$366,961,907	100%	2018
375	Die Hard with a Vengeance	$366,101,666	$100,012,499	27.30%	$266,089,167	72.70%	1995
376	Shazam!	$366,080,049	$140,480,049	38.40%	$225,600,000	61.60%	2019
377	The Nun	$365,582,797	$117,481,222	32.10%	$248,101,575	67.90%	2018
378	Alvin and the Chipmunks	$365,352,546	$217,326,974	59.50%	$148,025,572	40.50%	2007
379	Notting Hill	$363,889,678	$116,089,678	31.90%	$247,800,000	68.10%	1999
380	Tenet	$363,704,105	$58,504,105	16.10%	$305,200,000	83.90%	2020
381	A Bug's Life	$363,258,859	$162,798,565	44.80%	$200,460,294	55.20%	1998
382	Night at the Museum: Secret of the Tomb	$363,204,635	$113,746,621	31.30%	$249,458,014	68.70%	2014
383	Ocean's Twelve	$362,744,280	$125,544,280	34.60%	$237,200,000	65.40%	2004
384	Planet of the Apes	$362,211,740	$180,011,740	49.70%	$182,200,000	50.30%	2001
385	The Hangover Part III	$362,000,072	$112,200,072	31%	$249,800,000	69%	2013
386	The World Is Not Enough	$361,832,400	$126,943,684	35.10%	$234,888,716	64.90%	1999
387	Monster Hunt 2	$361,682,618	$706,153	0.20%	$360,976,465	99.80%	2018
388	Fast & Furious	$360,366,870	$155,064,265	43%	$205,302,605	57%	2009
389	Noah	$359,200,044	$101,200,044	28.20%	$258,000,000	71.80%	2014
390	The Karate Kid	$359,126,022	$176,591,618	49.20%	$182,534,404	50.80%	2010
391	Home Alone 2: Lost in New York	$358,994,850	$173,585,516	48.40%	$185,409,334	51.60%	1992
392	Hotel Transylvania	$358,375,603	$148,313,048	41.40%	$210,062,555	58.60%	2012
393	Minority Report	$358,372,926	$132,072,926	36.80%	$226,300,000	63.20%	2002
394	Your Name.	$358,180,115	$5,017,246	1.40%	$353,162,869	98.60%	2016
395	Top Gun	$357,288,178	$180,258,178	50.40%	$177,030,000	49.60%	1986
396	The Legend of Tarzan	$356,700,357	$126,643,061	35.50%	$230,057,296	64.50%	2016
397	American Beauty	$356,296,601	$130,096,601	36.50%	$226,200,000	63.50%	1999
398	Spirited Away	$355,725,195	$13,750,644	3.90%	$341,974,551	96.10%	2001
399	Apollo 13	$355,237,933	$173,837,933	48.90%	$181,400,000	51.10%	1995
400	Rain Man	$354,825,435	$172,825,435	48.70%	$182,000,000	51.30%	1988
401	The Great Gatsby	$353,659,851	$144,857,996	41%	$208,801,855	59%	2013
402	Dumbo	$353,284,621	$114,766,307	32.50%	$238,518,314	67.50%	2019
403	I, Robot	$353,133,898	$144,801,023	41%	$208,332,875	59%	2004
404	Basic Instinct	$352,927,224	$117,727,224	33.40%	$235,200,000	66.60%	1992
405	Murder on the Orient Express	$352,794,081	$102,826,543	29.20%	$249,967,538	70.80%	2017
406	X-Men: First Class	$352,616,690	$146,408,305	41.50%	$206,208,385	58.50%	2011
407	The Angry Birds Movie	$352,333,929	$107,509,366	30.50%	$244,824,563	69.50%	2016
408	GoldenEye	$352,194,034	$106,429,941	30.20%	$245,764,093	69.80%	1995
409	Catch Me If You Can	$352,114,312	$164,615,351	46.80%	$187,498,961	53.20%	2002
410	Now You See Me	$351,723,989	$117,723,989	33.50%	$234,000,000	66.50%	2013
411	Hannibal	$351,692,268	$165,092,268	46.90%	$186,600,000	53.10%	2001
412	The Mask	$351,583,407	$119,938,730	34.10%	$231,644,677	65.90%	1994
413	Peter Rabbit	$351,496,066	$115,253,424	32.80%	$236,242,642	67.20%	2018
414	Speed	$350,448,145	$121,248,145	34.60%	$229,200,000	65.40%	1994
415	Dinosaur	$349,822,765	$137,748,063	39.40%	$212,074,702	60.60%	2000
416	Mary Poppins Returns	$349,546,142	$171,958,438	49.20%	$177,587,704	50.80%	2018
417	Deep Impact	$349,464,664	$140,464,664	40.20%	$209,000,000	59.80%	1998
418	The Lorax	$349,183,316	$214,373,500	61.40%	$134,809,816	38.60%	2012
419	The Maze Runner	$348,319,861	$102,427,862	29.40%	$245,891,999	70.60%	2014
420	The Smurfs 2	$347,545,360	$71,017,784	20.40%	$276,527,576	79.60%	2013
421	National Treasure	$347,512,318	$173,008,894	49.80%	$174,503,424	50.20%	2004
422	Rush Hour 2	$347,325,802	$226,164,286	65.10%	$121,161,516	34.90%	2001
423	Trolls	$347,182,886	$154,025,064	44.40%	$193,157,822	55.60%	2016
424	xXx: Return of Xander Cage	$346,118,277	$44,898,413	13%	$301,219,864	87%	2017
425	Pocahontas	$346,079,773	$141,579,773	40.90%	$204,500,000	59.10%	1995
426	How the Grinch Stole Christmas	$345,823,032	$260,715,005	75.40%	$85,108,027	24.60%	2000
427	Star Trek Beyond	$343,471,816	$158,848,340	46.20%	$184,623,476	53.80%	2016
428	Alvin and the Chipmunks: Chipwrecked	$342,695,435	$133,110,742	38.80%	$209,584,693	61.20%	2011
429	Wanted	$342,463,063	$134,508,551	39.30%	$207,954,512	60.70%	2008
430	The Flintstones	$341,631,208	$130,531,208	38.20%	$211,100,000	61.80%	1994
431	A Quiet Place	$340,952,971	$188,024,361	55.20%	$152,928,610	44.80%	2018
432	Enchanted	$340,487,836	$127,807,262	37.50%	$212,680,574	62.50%	2007
433	Over the Hedge	$339,795,890	$155,019,340	45.60%	$184,776,550	54.40%	2006
434	300: Rise of an Empire	$337,580,051	$106,580,051	31.60%	$231,000,000	68.40%	2014
435	Batman Forever	$336,567,158	$184,069,126	54.70%	$152,498,032	45.30%	1995
436	Prince of Persia: The Sands of Time	$336,365,676	$90,759,676	27%	$245,606,000	73%	2009
437	The Curious Case of Benjamin Button	$335,802,786	$127,509,326	38%	$208,293,460	62%	2008
438	Journey 2: The Mysterious Island	$335,287,748	$103,887,748	31%	$231,400,000	69%	2012
439	The Rock	$335,062,621	$134,069,511	40%	$200,993,110	60%	1996
440	The Great Wall	$334,933,831	$45,540,830	13.60%	$289,393,001	86.40%	2016
441	Now You See Me 2	$334,897,606	$65,075,540	19.40%	$269,822,066	80.60%	2016
442	Never Say Die	$334,530,869	-	-	$334,530,869	100%	2017
443	Fantastic Four	$333,535,934	$154,696,080	46.40%	$178,839,854	53.60%	2005
444	Indiana Jones and the Temple of Doom	$333,107,271	$179,870,271	54%	$153,237,000	46%	1984
445	Tomorrow Never Dies	$333,011,068	$125,304,276	37.60%	$207,706,792	62.40%	1997
446	Back to the Future Part II	$332,500,002	$119,000,002	35.80%	$213,500,000	64.20%	1989
447	The Good Dinosaur	$332,207,671	$123,087,120	37%	$209,120,551	63%	2015
448	Free Guy	$331,526,598	$121,626,598	36.70%	$209,900,000	63.30%	2021
449	22 Jump Street	$331,333,876	$191,719,337	57.90%	$139,614,539	42.10%	2014
450	Meet the Parents	$330,444,045	$166,244,045	50.30%	$164,200,000	49.70%	2000
451	Who Framed Roger Rabbit	$329,803,958	$156,452,370	47.40%	$173,351,588	52.60%	1988
452	Black Swan	$329,398,046	$106,954,678	32.50%	$222,443,368	67.50%	2010
453	The Perfect Storm	$328,718,434	$182,618,434	55.60%	$146,100,000	44.40%	2000
454	Crocodile Dundee	$328,203,506	$174,803,506	53.30%	$153,400,000	46.70%	1986
455	Crazy Alien	$327,598,891	-	-	$327,598,891	100%	2019
456	Se7en	$327,333,559	$100,125,643	30.60%	$227,207,916	69.40%	1995
457	John Wick: Chapter 3 - Parabellum	$327,281,779	$171,015,687	52.20%	$156,266,092	47.80%	2019
458	The Devil Wears Prada	$326,706,115	$124,740,460	38.20%	$201,965,655	61.80%	2006
459	Taken 3	$326,479,141	$89,256,424	27.30%	$237,222,717	72.70%	2015
460	The Hunchback of Notre Dame	$325,338,851	$100,138,851	30.80%	$225,200,000	69.20%	1996
461	A Christmas Carol	$325,286,646	$137,855,863	42.40%	$187,430,783	57.60%	2009
462	The SpongeBob Movie: Sponge Out of Water	$325,186,032	$162,994,032	50.10%	$162,192,000	49.90%	2015
463	Schindler's List	$322,161,245	$96,898,818	30.10%	$225,262,427	69.90%	1993
464	Megamind	$321,885,765	$148,415,853	46.10%	$173,469,912	53.90%	2010
465	The Conjuring 2	$321,834,351	$102,516,140	31.80%	$219,318,211	68.20%	2016
466	Green Book	$321,752,656	$85,080,171	26.40%	$236,672,485	73.60%	2018
467	Lethal Weapon 3	$321,731,527	$144,731,527	45%	$177,000,000	55%	1992
468	The Ugly Truth	$321,682,600	$88,915,214	27.60%	$232,767,386	72.40%	2009
469	Robin Hood	$321,669,741	$105,269,730	32.70%	$216,400,011	67.30%	2010
470	Inglourious Basterds	$321,457,747	$120,540,719	37.50%	$200,917,028	62.50%	2009
471	101 Dalmatians	$320,689,294	$136,189,294	42.50%	$184,500,000	57.50%	1996
472	The Conjuring	$320,406,242	$137,446,368	42.90%	$182,959,874	57.10%	2013
473	Fatal Attraction	$320,145,693	$156,645,693	48.90%	$163,500,000	51.10%	1987
474	Sonic the Hedgehog	$319,715,683	$148,974,665	46.60%	$170,741,018	53.40%	2020
475	The Last Airbender	$319,713,881	$131,772,187	41.20%	$187,941,694	58.80%	2010
476	The Proposal	$317,375,031	$163,958,031	51.70%	$153,417,000	48.30%	2009
477	A Beautiful Mind	$316,791,257	$170,742,341	53.90%	$146,048,916	46.10%	2001
478	Beverly Hills Cop	$316,360,478	$234,760,478	74.20%	$81,600,000	25.80%	1984
479	The Polar Express	$315,249,768	$188,969,804	59.90%	$126,279,964	40.10%	2004
480	Air Force One	$315,156,409	$172,956,409	54.90%	$142,200,000	45.10%	1997
481	The Expendables 2	$314,975,955	$85,028,192	27%	$229,947,763	73%	2012
482	Chicken Little	$314,432,837	$135,386,665	43.10%	$179,046,172	56.90%	2005
483	As Good as It Gets	$314,178,011	$148,478,011	47.30%	$165,700,000	52.70%	1997
484	Maze Runner: The Scorch Trials	$312,296,056	$81,697,192	26.20%	$230,598,864	73.80%	2015
485	Resident Evil: The Final Chapter	$312,242,626	$26,830,068	8.60%	$285,412,558	91.40%	2016
486	The Lego Batman Movie	$312,136,671	$175,936,671	56.40%	$136,200,000	43.60%	2017
487	Austin Powers: The Spy Who Shagged Me	$312,016,928	$206,040,086	66%	$105,976,842	34%	1999
488	Knives Out	$311,605,581	$165,363,234	53.10%	$146,242,347	46.90%	2019
489	Ocean's Thirteen	$311,312,624	$117,154,724	37.60%	$194,157,900	62.40%	2007
490	Little Fockers	$310,650,585	$148,438,600	47.80%	$162,211,985	52.20%	2010
491	Bolt	$309,979,994	$114,053,579	36.80%	$195,926,415	63.20%	2008
492	Ransom	$309,492,681	$136,492,681	44.10%	$173,000,000	55.90%	1996
493	Runaway Bride	$309,460,292	$152,257,509	49.20%	$157,202,783	50.80%	1999
494	The Blind Side	$309,231,694	$255,982,860	82.80%	$53,248,834	17.20%	2009
495	The Ex-File 3: The Return of The Exes	$307,592,427	$838,959	0.30%	$306,753,468	99.70%	2017
496	The Fault in Our Stars	$307,166,834	$124,872,350	40.60%	$182,294,484	59.40%	2014
497	The Pursuit of Happyness	$307,127,625	$163,566,459	53.30%	$143,561,166	46.70%	2006
498	Rise of the Guardians	$306,941,670	$103,412,758	33.70%	$203,528,912	66.30%	2012
499	Close Encounters of the Third Kind	$306,889,114	$135,189,114	44%	$171,700,000	56%	1977
500	Chicago	$306,776,732	$170,687,518	55.60%	$136,089,214	44.40%	2002
501	Annabelle: Creation	$306,515,884	$102,092,201	33.30%	$204,423,683	66.70%	2017
502	Wonder	$306,209,289	$132,422,809	43.20%	$173,786,480	56.80%	2017
503	Skyscraper	$304,868,961	$68,420,120	22.40%	$236,448,841	77.60%	2018
504	A Good Day to Die Hard	$304,654,182	$67,349,198	22.10%	$237,304,984	77.90%	2013
505	Mulan	$304,320,254	$120,620,254	39.60%	$183,700,000	60.40%	1998
506	Dangal	$303,723,636	$12,391,761	4.10%	$291,331,875	95.90%	2016
507	Passengers	$303,144,152	$100,014,699	33%	$203,129,453	67%	2016
508	Battleship	$303,025,485	$65,422,625	21.60%	$237,602,860	78.40%	2012
509	Liar Liar	$302,710,615	$181,410,615	59.90%	$121,300,000	40.10%	1997
510	G.I. Joe: The Rise of Cobra	$302,469,017	$150,201,498	49.70%	$152,267,519	50.30%	2009
511	Wrath of the Titans	$301,970,083	$83,670,083	27.70%	$218,300,000	72.30%	2012
512	Fantastic 4: Rise of the Silver Surfer	$301,913,131	$131,921,738	43.70%	$169,991,393	56.30%	2007
513	Hook	$300,854,823	$119,654,823	39.80%	$181,200,000	60.20%	1991
514	Superman	$300,478,449	$134,478,449	44.80%	$166,000,000	55.20%	1978
515	Rocky IV	$300,473,716	$127,873,716	42.60%	$172,600,000	57.40%	1985
516	Rambo: First Blood Part II	$300,400,432	$150,415,432	50.10%	$149,985,000	49.90%	1985
517	Resident Evil: Afterlife	$300,228,084	$60,128,566	20%	$240,099,518	80%	2010
518	Van Helsing	$300,157,638	$120,177,084	40%	$179,980,554	60%	2004
519	Stuart Little	$300,135,367	$140,035,367	46.70%	$160,100,000	53.30%	1999
520	Beverly Hills Cop II	$299,965,036	$153,665,036	51.20%	$146,300,000	48.80%	1987
521	Alice Through the Looking Glass	$299,820,798	$77,041,381	25.70%	$222,779,417	74.30%	2016
522	My Best Friend's Wedding	$299,288,605	$127,120,029	42.50%	$172,168,576	57.50%	1997
523	Real Steel	$299,268,508	$85,468,508	28.60%	$213,800,000	71.40%	2011
524	Horton Hears a Who!	$298,572,799	$154,529,439	51.80%	$144,043,360	48.20%	2008
525	Ocean's Eight	$297,795,726	$140,295,726	47.10%	$157,500,000	52.90%	2018
526	A Quiet Place Part II	$297,372,261	$160,072,261	53.80%	$137,300,000	46.20%	2021
527	The Divergent Series: Insurgent	$297,002,527	$130,179,072	43.80%	$166,823,455	56.20%	2015
528	Look Who's Talking	$296,999,813	$140,088,813	47.20%	$156,911,000	52.80%	1989
529	Austin Powers in Goldmember	$296,938,801	$213,307,889	71.80%	$83,630,912	28.20%	2002
530	Ghostbusters	$296,578,797	$243,578,797	82.10%	$53,000,000	17.90%	1984
531	Miss Peregrine's Home for Peculiar Children	$296,482,446	$87,242,834	29.40%	$209,239,612	70.60%	2016
532	X-Men	$296,339,528	$157,299,718	53.10%	$139,039,810	46.90%	2000
533	Ferdinand	$296,069,199	$84,410,380	28.50%	$211,658,819	71.50%	2017
534	Shutter Island	$294,805,697	$128,012,934	43.40%	$166,792,763	56.60%	2010
535	Doctor Dolittle	$294,456,605	$144,156,605	49%	$150,300,000	51%	1998
536	Bee Movie	$293,514,336	$126,631,277	43.10%	$166,883,059	56.90%	2007
537	Salt	$293,503,354	$118,311,368	40.30%	$175,191,986	59.70%	2010
538	G-Force	$292,817,898	$119,436,770	40.80%	$173,381,128	59.20%	2009
539	The Departed	$291,480,452	$132,399,394	45.40%	$159,081,058	54.60%	2006
540	What Lies Beneath	$291,420,351	$155,464,351	53.40%	$135,956,000	46.60%	2000
541	Pacific Rim: Uprising	$290,930,148	$59,874,525	20.60%	$231,055,623	79.40%	2018
542	The Bourne Supremacy	$290,835,269	$176,241,941	60.60%	$114,593,328	39.40%	2004
543	Sex and the City 2	$290,745,055	$95,347,692	32.80%	$195,397,363	67.20%	2010
544	Shakespeare in Love	$289,317,794	$100,317,794	34.70%	$189,000,000	65.30%	1998
545	Divergent	$288,885,818	$150,947,895	52.20%	$137,937,923	47.80%	2014
546	Coming to America	$288,752,301	$128,152,301	44.40%	$160,600,000	55.60%	1988
547	Wedding Crashers	$288,485,135	$209,273,411	72.50%	$79,211,724	27.50%	2005
548	Bridesmaids	$288,383,523	$169,106,725	58.60%	$119,276,798	41.40%	2011
549	Maze Runner: The Death Cure	$288,175,335	$58,032,443	20.10%	$230,142,892	79.90%	2018
550	Casper	$287,928,194	$100,328,194	34.80%	$187,600,000	65.20%	1995
551	American Pie 2	$287,553,595	$145,103,595	50.50%	$142,450,000	49.50%	2001
552	Pitch Perfect 2	$287,144,079	$184,296,230	64.20%	$102,847,849	35.80%	2015
553	The Green Mile	$286,801,374	$136,801,374	47.70%	$150,000,000	52.30%	1999
554	Oblivion	$286,168,572	$89,107,235	31.10%	$197,061,337	68.90%	2013
555	Elysium	$286,140,700	$93,050,117	32.50%	$193,090,583	67.50%	2013
556	Lethal Weapon 4	$285,444,603	$130,444,603	45.70%	$155,000,000	54.30%	1998
557	John Carter	$284,139,100	$73,078,100	25.70%	$211,061,000	74.30%	2012
558	Turbo	$282,570,682	$83,028,128	29.40%	$199,542,554	70.60%	2013
559	Paddington	$282,377,683	$76,271,832	27%	$206,105,851	73%	2014
560	Bridget Jones's Diary	$281,995,610	$71,543,427	25.40%	$210,452,183	74.60%	2001
561	The Tourist	$278,780,441	$67,631,157	24.30%	$211,149,284	75.70%	2010
562	Split	$278,454,417	$138,291,365	49.70%	$140,163,052	50.30%	2017
563	Scary Movie	$278,019,771	$157,019,771	56.50%	$121,000,000	43.50%	2000
564	xXx	$277,448,382	$142,109,382	51.20%	$135,339,000	48.80%	2002
565	The Bourne Legacy	$276,144,750	$113,203,870	41%	$162,940,880	59%	2012
566	Mr. Peabody & Sherman	$275,698,039	$111,506,430	40.40%	$164,191,609	59.60%	2014
567	Scooby-Doo	$275,678,613	$153,322,074	55.60%	$122,356,539	44.40%	2002
568	Lincoln	$275,293,450	$182,207,973	66.20%	$93,085,477	33.80%	2012
569	Lara Croft: Tomb Raider	$274,703,340	$131,168,070	47.80%	$143,535,270	52.20%	2001
570	Tomb Raider	$274,650,803	$58,250,803	21.20%	$216,400,000	78.80%	2018
571	The Expendables	$274,470,394	$103,068,524	37.60%	$171,401,870	62.40%	2010
572	Cloudy with a Chance of Meatballs 2	$274,325,949	$119,793,567	43.70%	$154,532,382	56.30%	2013
573	The Nutty Professor	$273,961,019	$128,814,019	47%	$145,147,000	53%	1996
574	Jerry Maguire	$273,552,592	$153,952,592	56.30%	$119,600,000	43.70%	1996
575	Bad Boys II	$273,339,556	$138,608,444	50.70%	$134,731,112	49.30%	2003
576	Lilo & Stitch	$273,144,151	$145,794,338	53.40%	$127,349,813	46.60%	2002
577	The Silence of the Lambs	$272,742,922	$130,742,922	47.90%	$142,000,000	52.10%	1991
578	Grown Ups	$271,457,301	$162,001,186	59.70%	$109,456,115	40.30%	2010
579	Neighbors	$270,665,134	$150,157,400	55.50%	$120,507,734	44.50%	2014
580	The Firm	$270,248,367	$158,348,367	58.60%	$111,900,000	41.40%	1993
581	We're the Millers	$269,994,119	$150,394,119	55.70%	$119,600,000	44.30%	2012
582	Gran Torino	$269,958,228	$148,095,302	54.90%	$121,862,926	45.10%	2008
583	10,000 BC	$269,784,201	$94,784,201	35.10%	$175,000,000	64.90%	2008
584	American Gangster	$269,755,430	$130,164,645	48.20%	$139,590,785	51.80%	2007
585	Epic	$268,426,634	$107,518,682	40.10%	$160,907,952	59.90%	2013
586	Exodus: Gods and Kings	$268,175,631	$65,014,513	24.20%	$203,161,118	75.80%	2014
587	Bambi	$267,447,150	$102,247,150	38.20%	$165,200,000	61.80%	1942
588	The Princess and the Frog	$267,045,765	$104,400,899	39.10%	$162,644,866	60.90%	2009
589	Batman Returns	$266,915,287	$162,924,631	61%	$103,990,656	39%	1992
590	Indecent Proposal	$266,614,059	$106,614,059	40%	$160,000,000	60%	1993
591	Something's Gotta Give	$265,328,738	$124,728,738	47%	$140,600,000	53%	2003
592	Bridget Jones: The Edge of Reason	$265,126,918	$40,226,215	15.20%	$224,900,703	84.80%	2004
593	The Incredible Hulk	$264,770,996	$134,806,913	50.90%	$129,964,083	49.10%	2008
594	Waterworld	$264,218,220	$88,246,220	33.40%	$175,972,000	66.60%	1995
595	The Truman Show	$264,118,201	$125,618,201	47.60%	$138,500,000	52.40%	1998
596	Charlie's Angels	$264,105,545	$125,305,545	47.40%	$138,800,000	52.60%	2000
597	The Fifth Element	$263,920,180	$63,820,180	24.20%	$200,100,000	75.80%	1997
598	Parasite	$263,136,741	$53,369,749	20.30%	$209,766,992	79.70%	2019
599	Jumanji	$262,821,940	$100,499,940	38.20%	$162,322,000	61.80%	1995
600	Borat: Cultural Learnings of America for Make Benefit Glorious Nation of Kazakhstan	$262,552,893	$128,505,958	48.90%	$134,046,935	51.10%	2006
601	Robots	$262,511,490	$128,200,012	48.80%	$134,311,478	51.20%	2005
602	Knight and Day	$261,989,769	$76,423,035	29.20%	$185,566,734	70.80%	2008
603	Total Recall	$261,317,921	$119,412,921	45.70%	$141,905,000	54.30%	1990
604	This Is It	$261,183,588	$72,091,016	27.60%	$189,092,572	72.40%	2009
605	Terminator: Dark Fate	$261,119,292	$62,253,077	23.80%	$198,866,215	76.20%	2019
606	The Lone Ranger	$260,502,115	$89,302,115	34.30%	$171,200,000	65.70%	2013
607	Super 8	$260,095,986	$127,004,179	48.80%	$133,091,807	51.20%	2011
608	Mojin: The Lost Legend	$259,368,448	$1,243,810	0.50%	$258,124,638	99.50%	2015
609	Blade Runner 2049	$259,352,064	$92,071,675	35.50%	$167,280,389	64.50%	2017
610	Charlie's Angels: Full Throttle	$259,175,788	$100,830,111	38.90%	$158,345,677	61.10%	2003
611	Rush Hour 3	$258,097,122	$140,125,968	54.30%	$117,971,154	45.70%	2007
612	The Full Monty	$257,938,649	$45,950,122	17.80%	$211,988,527	82.20%	1997
613	Kung Fu Yoga	$257,753,889	$362,657	0.10%	$257,391,232	99.90%	2017
614	Annabelle	$257,589,721	$84,284,252	32.70%	$173,305,469	67.30%	2014
615	The Village	$256,697,520	$114,197,520	44.50%	$142,500,000	55.50%	2003
616	Lost in Hong Kong	$256,283,912	$1,302,281	0.50%	$254,981,631	99.50%	2015
617	Erin Brockovich	$256,271,286	$125,595,205	49%	$130,676,081	51%	2000
618	Pegasus	$255,863,112	-	-	$255,863,112	100%	2019
619	Get Out	$255,745,157	$176,196,665	68.90%	$79,548,492	31.10%	2016
620	Marley & Me	$255,743,093	$143,153,751	56%	$112,589,342	44%	2008
621	Halloween	$255,614,941	$159,342,015	62.30%	$96,272,926	37.70%	2018
622	Us	$255,185,482	$175,084,580	68.60%	$80,100,902	31.40%	2019
623	Cliffhanger	$255,000,211	$84,049,211	33%	$170,951,000	67%	1993
624	Encanto	$254,172,879	$96,093,622	37.80%	$158,079,257	62.20%	2021
625	Baahubali 2: The Conclusion	$254,158,390	$20,186,659	7.90%	$233,971,731	92.10%	2017
626	Babe	$254,134,910	$63,658,910	25%	$190,476,000	75%	1995
627	Men in Black: International	$253,890,701	$80,001,807	31.50%	$173,888,894	68.50%	2019
628	Wild Hogs	$253,625,427	$168,273,550	66.40%	$85,351,877	33.60%	2007
629	High School Musical 3: Senior Year	$252,909,177	$90,559,416	35.80%	$162,349,761	64.20%	2008
630	Hercules	$252,712,101	$99,112,101	39.20%	$153,600,000	60.80%	1997
631	X-Men: Dark Phoenix	$252,442,974	$65,845,974	26.10%	$186,597,000	73.90%	2019
632	True Grit	$252,276,927	$171,243,005	67.90%	$81,033,922	32.10%	2010
633	Bean	$251,212,670	$45,319,423	18%	$205,893,247	82%	1997
634	American Hustle	$251,171,807	$150,117,807	59.80%	$101,054,000	40.20%	2013
635	Enemy of the State	$250,849,789	$111,549,836	44.50%	$139,299,953	55.50%	1998
636	You've Got Mail	$250,821,495	$115,821,495	46.20%	$135,000,000	53.80%	1998
637	Eragon	$250,425,512	$75,030,163	30%	$175,395,349	70%	2006
638	Brother Bear	$250,397,798	$85,336,277	34.10%	$165,061,521	65.90%	2003
639	The Godfather	$250,341,816	$136,381,073	54.50%	$113,960,743	45.50%	1972
640	The Mask of Zorro	$250,288,523	$94,095,523	37.60%	$156,193,000	62.40%	1998
641	The Ring	$249,348,933	$129,128,133	51.80%	$120,220,800	48.20%	2002
642	The Blair Witch Project	$248,639,099	$140,539,099	56.50%	$108,100,000	43.50%	1999
643	Unbreakable	$248,118,121	$95,011,339	38.30%	$153,106,782	61.70%	2000
644	Journey to the West: The Demons Strike Back	$247,585,244	$880,346	0.40%	$246,704,898	99.60%	2017
645	Dumb and Dumber	$247,290,327	$127,190,327	51.40%	$120,100,000	48.60%	1994
646	Glass	$246,999,039	$111,048,468	45%	$135,950,571	55%	2019
647	Grown Ups 2	$246,984,278	$133,668,525	54.10%	$113,315,753	45.90%	2013
648	Sonic the Hedgehog 2	$246,804,424	$134,604,424	54.50%	$112,200,000	45.50%	2022
649	The Peanuts Movie	$246,233,113	$130,178,411	52.90%	$116,054,702	47.10%	2015
650	Rango	$245,724,603	$123,477,607	50.20%	$122,246,996	49.80%	2011
651	Four Weddings and a Funeral	$245,700,832	$52,700,832	21.40%	$193,000,000	78.60%	1994
652	Face/Off	$245,676,146	$112,276,146	45.70%	$133,400,000	54.30%	1997
653	Teenage Mutant Ninja Turtles: Out of the Shadows	$245,623,848	$82,051,601	33.40%	$163,572,247	66.60%	2016
654	Dark Shadows	$245,527,149	$79,727,149	32.50%	$165,800,000	67.50%	2012
655	Dolittle	$245,439,115	$77,047,065	31.40%	$168,392,050	68.60%	2020
656	Hulk	$245,285,165	$132,177,234	53.90%	$113,107,931	46.10%	2003
657	Love Actually	$245,203,167	$59,696,144	24.40%	$185,507,023	75.60%	2003
658	The Bravest	$245,179,562	$290,217	0.10%	$244,889,345	99.90%	2019
659	Welcome to the Sticks	$245,144,417	-	-	$245,144,417	100%	2008
660	Back to the Future Part III	$245,077,583	$88,277,583	36%	$156,800,000	64%	1990
661	Pixels	$244,874,809	$78,747,585	32.20%	$166,127,224	67.80%	2015
662	Hercules	$244,819,862	$72,688,614	29.70%	$172,131,248	70.30%	2014
663	Rush Hour	$244,721,064	$141,186,864	57.70%	$103,534,200	42.30%	1998
664	Journey to the Center of the Earth	$244,232,688	$101,704,370	41.60%	$142,528,318	58.40%	2008
665	After Earth	$243,611,982	$60,522,097	24.80%	$183,089,885	75.20%	2013
666	A Few Good Men	$243,240,178	$141,340,178	58.10%	$101,900,000	41.90%	1992
667	Cloudy with a Chance of Meatballs	$243,006,126	$124,870,275	51.40%	$118,135,851	48.60%	2009
668	8 Mile	$242,875,078	$116,750,901	48.10%	$126,124,177	51.90%	2002
669	Daddy's Home	$242,786,137	$150,357,137	61.90%	$92,429,000	38.10%	2015
670	RoboCop	$242,688,965	$58,607,007	24.20%	$184,081,958	75.80%	2014
671	Eraser	$242,295,562	$101,295,562	41.80%	$141,000,000	58.20%	1996
672	Alien: Covenant	$240,891,763	$74,262,031	30.80%	$166,629,732	69.20%	2017
673	Sully	$240,797,623	$125,070,033	51.90%	$115,727,590	48.10%	2016
674	Assassin's Creed	$240,697,856	$54,647,948	22.70%	$186,049,908	77.30%	2016
675	Click	$240,685,326	$137,355,633	57.10%	$103,329,693	42.90%	2006
676	Legend of Deification	$240,663,149	$214,670	<0.1%	$240,448,479	99.90%	2020
677	Resident Evil: Retribution	$240,159,255	$42,345,531	17.60%	$197,813,724	82.40%	2012
678	Die Hard 2	$240,031,274	$117,540,947	49%	$122,490,327	51%	1990
679	Crocodile Dundee II	$239,606,210	$109,306,210	45.60%	$130,300,000	54.40%	1988
680	Planes	$239,258,712	$90,288,712	37.70%	$148,970,000	62.30%	2013
681	Crazy Rich Asians	$238,843,729	$174,837,452	73.20%	$64,006,277	26.80%	2018
682	Batman & Robin	$238,235,719	$107,353,792	45.10%	$130,881,927	54.90%	1997
683	Downton Abbey	$237,860,050	$96,854,135	40.70%	$141,005,915	59.30%	2019
684	Gulliver's Travels	$237,382,724	$42,779,261	18%	$194,603,463	82%	2010
685	Gone in 60 Seconds	$237,202,299	$101,648,571	42.80%	$135,553,728	57.20%	2000
686	Saturday Night Fever	$237,113,184	$94,213,184	39.70%	$142,900,000	60.30%	1977
687	Silver Linings Playbook	$236,412,453	$132,092,958	55.90%	$104,319,495	44.10%	2012
688	2 Fast 2 Furious	$236,350,661	$127,154,901	53.80%	$109,195,760	46.20%	2003
689	Howl's Moving Castle	$236,323,601	$5,576,743	2.40%	$230,746,858	97.60%	2004
690	Hidden Figures	$235,956,898	$169,607,287	71.90%	$66,349,611	28.10%	2016
691	A.I. Artificial Intelligence	$235,926,552	$78,616,689	33.30%	$157,309,863	66.70%	2001
692	Dead Poets Society	$235,860,116	$95,860,116	40.60%	$140,000,000	59.40%	1989
693	Spy	$235,666,219	$110,825,712	47%	$124,840,507	53%	2015
694	American Pie	$235,483,004	$102,561,004	43.60%	$132,922,000	56.40%	1999
695	American Reunion	$234,989,584	$57,011,521	24.30%	$177,978,063	75.70%	2012
696	Big Daddy	$234,801,895	$163,479,795	69.60%	$71,322,100	30.40%	1999
697	Alvin and the Chipmunks: The Road Chip	$234,798,636	$85,886,987	36.60%	$148,911,649	63.40%	2015
698	The Imitation Game	$233,555,708	$91,125,683	39%	$142,430,025	61%	2014
699	Cruella	$233,503,234	$86,103,234	36.90%	$147,400,000	63.10%	2021
700	The Day the Earth Stood Still	$233,093,859	$79,366,978	34%	$153,726,881	66%	2008
701	American Wedding	$232,722,935	$104,565,114	44.90%	$128,157,821	55.10%	2003
702	The Girl with the Dragon Tattoo	$232,617,430	$102,515,793	44.10%	$130,101,637	55.90%	2011
703	Juno	$232,372,681	$143,495,265	61.80%	$88,877,416	38.20%	2007
704	Argo	$232,325,503	$136,025,503	58.60%	$96,300,000	41.40%	2012
705	Mr. Bean's Holiday	$232,225,908	$33,302,167	14.30%	$198,923,741	85.70%	2007
706	The English Patient	$231,976,425	$78,676,425	33.90%	$153,300,000	66.10%	1996
707	Sister Act	$231,605,150	$139,605,150	60.30%	$92,000,000	39.70%	1992
708	Annabelle Comes Home	$231,252,591	$74,152,591	32.10%	$157,100,000	67.90%	2019
709	Constantine	$230,884,728	$75,976,178	32.90%	$154,908,550	67.10%	2005
710	Get Smart	$230,685,453	$130,319,208	56.50%	$100,366,245	43.50%	2008
711	Space Jam	$230,594,962	$90,594,962	39.30%	$140,000,000	60.70%	1996
712	Life Is Beautiful	$230,098,753	$57,563,264	25%	$172,535,489	75%	1998
713	The Heat	$229,930,771	$159,582,188	69.40%	$70,348,583	30.60%	1996
714	Ghostbusters	$229,147,509	$128,350,574	56%	$100,796,935	44%	2016
715	Ghost Rider	$228,738,393	$115,802,596	50.60%	$112,935,797	49.40%	2007
716	Goodbye Mr. Loser	$228,122,928	$1,293,626	0.60%	$226,829,302	99.40%	2015
717	Paddington 2	$227,994,792	$40,907,738	17.90%	$187,087,054	82.10%	2017
718	Sleepless in Seattle	$227,927,165	$126,808,165	55.60%	$101,119,000	44.40%	1993
719	Lethal Weapon 2	$227,853,986	$147,253,986	64.60%	$80,600,000	35.40%	1989
720	The Green Hornet	$227,817,248	$98,780,042	43.40%	$129,037,206	56.60%	2011
721	Out of Africa	$227,514,205	$87,071,205	38.30%	$140,443,000	61.70%	1985
722	Youth	$227,091,290	$1,891,956	0.80%	$225,199,334	99.20%	2017
723	Baby Driver	$226,945,087	$107,825,862	47.50%	$119,119,225	52.50%	2017
724	Immortals	$226,904,017	$83,504,017	36.80%	$143,400,000	63.20%	2011
725	Taken	$226,837,760	$145,000,989	63.90%	$81,836,771	36.10%	2008
726	Percy Jackson & the Olympians: The Lightning Thief	$226,497,209	$88,768,303	39.20%	$137,728,906	60.80%	2010
727	Hansel & Gretel: Witch Hunters	$226,349,749	$55,703,475	24.60%	$170,646,274	75.40%	2013
728	Valerian and the City of a Thousand Planets	$225,973,340	$41,189,488	18.20%	$184,783,852	81.80%	2017
729	Good Will Hunting	$225,933,435	$138,433,435	61.30%	$87,500,000	38.70%	1997
730	Better Days	$225,918,798	$1,921,657	0.80%	$223,997,141	99.20%	2019
731	Ford v Ferrari	$225,508,210	$117,624,357	52.20%	$107,883,853	47.80%	2019
732	Jumper	$225,132,113	$80,172,128	35.60%	$144,959,985	64.40%	2008
733	Elf	$225,097,437	$177,874,109	79%	$47,223,328	21%	2003
734	The Social Network	$224,920,375	$96,962,694	43.10%	$127,957,681	56.90%	2010
735	Chicken Run	$224,834,564	$106,834,564	47.50%	$118,000,000	52.50%	2000
736	Con Air	$224,012,234	$101,117,573	45.10%	$122,894,661	54.90%	1997
737	Interview with the Vampire: The Vampire Chronicles	$223,664,608	$105,264,608	47.10%	$118,400,000	52.90%	1994
738	Flightplan	$223,387,299	$89,707,299	40.20%	$133,680,000	59.80%	2005
739	Yes Man	$223,241,637	$97,690,976	43.80%	$125,550,661	56.20%	2008
740	Non-Stop	$222,809,600	$92,168,600	41.40%	$130,641,000	58.60%	2014
741	Honey, I Shrunk the Kids	$222,724,172	$130,724,172	58.70%	$92,000,000	41.30%	1989
742	Fahrenheit 9/11	$222,446,882	$119,194,771	53.60%	$103,252,111	46.40%	2004
743	Wild Wild West	$222,104,681	$113,804,681	51.20%	$108,300,000	48.80%	1999
744	My Country, My Parents	$221,715,716	$166,807	<0.1%	$221,548,909	99.90%	2021
745	Geostorm	$221,600,160	$33,700,160	15.20%	$187,900,000	84.80%	2017
746	Presumed Innocent	$221,303,188	$86,303,188	39%	$135,000,000	61%	1990
747	Jungle Cruise	$220,889,446	$116,987,516	53%	$103,901,930	47%	2021
748	Scary Movie 3	$220,673,217	$110,003,217	49.80%	$110,670,000	50.20%	2003
749	Collateral	$220,239,925	$101,005,703	45.90%	$119,234,222	54.10%	2004
750	Inferno	$220,021,259	$34,343,574	15.60%	$185,677,685	84.40%	2016
751	Knocked Up	$219,922,417	$148,768,917	67.60%	$71,153,500	32.40%	2007
752	Green Lantern	$219,851,172	$116,601,172	53%	$103,250,000	47%	2011
753	What Happens in Vegas	$219,375,562	$80,277,646	36.60%	$139,097,916	63.40%	2008
754	It's Complicated	$219,103,655	$112,735,375	51.40%	$106,368,280	48.60%	2009
755	The Terminal	$219,100,084	$77,872,883	35.50%	$141,227,201	64.50%	2004
756	Captain Phillips	$218,791,811	$107,100,855	49%	$111,690,956	51%	2013
757	The Prince of Egypt	$218,613,188	$101,413,188	46.40%	$117,200,000	53.60%	1998
758	Jack Reacher	$218,340,595	$80,070,736	36.70%	$138,269,859	63.30%	2012
759	Kingdom of Heaven	$218,122,627	$47,398,413	21.70%	$170,724,214	78.30%	2005
760	The Emoji Movie	$217,776,646	$86,089,513	39.50%	$131,687,133	60.50%	2017
761	Too Cool to Kill	$217,257,134	$185,882	<0.1%	$217,071,252	99.90%	2022
762	Dracula Untold	$217,124,280	$56,280,355	25.90%	$160,843,925	74.10%	2014
763	Central Intelligence	$216,972,543	$127,440,871	58.70%	$89,531,672	41.30%	2016
764	Million Dollar Baby	$216,763,646	$100,492,203	46.40%	$116,271,443	53.60%	2004
765	The Help	$216,639,112	$169,708,112	78.30%	$46,931,000	21.70%	2011
766	Twins	$216,614,388	$111,938,388	51.70%	$104,676,000	48.30%	1988
767	Little Women	$216,601,214	$108,101,214	49.90%	$108,500,000	50.10%	2019
768	Valentine's Day	$216,528,528	$110,528,528	51%	$106,000,000	49%	2010
769	Bad Teacher	$216,197,492	$100,292,856	46.40%	$115,904,636	53.60%	2011
770	A Little Red Flower	$216,000,000	-	-	$216,000,000	100%	2020
771	The Croods: A New Age	$215,905,815	$58,568,815	27.10%	$157,337,000	72.90%	2020
772	Clear and Present Danger	$215,887,717	$122,187,717	56.60%	$93,700,000	43.40%	1994
773	One Hundred and One Dalmatians	$215,880,014	$144,880,014	67.10%	$71,000,000	32.90%	1961
774	Ted 2	$215,863,606	$81,476,385	37.70%	$134,387,221	62.30%	2015
775	Bram Stoker's Dracula	$215,862,692	$82,522,790	38.20%	$133,339,902	61.80%	1992
776	Vertical Limit	$215,663,859	$69,243,859	32.10%	$146,420,000	67.90%	2000
777	Ghostbusters II	$215,394,738	$112,494,738	52.20%	$102,900,000	47.80%	1989
778	The Patriot	$215,294,342	$113,330,342	52.60%	$101,964,000	47.40%	2000
779	The Sorcerer's Apprentice	$215,283,742	$63,150,991	29.30%	$152,132,751	70.70%	2010
780	Just Go with It	$214,945,591	$103,028,109	47.90%	$111,917,482	52.10%	2011
781	The Expendables 3	$214,657,577	$39,322,544	18.30%	$175,335,033	81.70%	2014
782	Dirty Dancing	$214,577,242	$64,577,242	30.10%	$150,000,000	69.90%	1987
783	Creed II	$214,215,889	$115,715,889	54%	$98,500,000	46%	2018
784	Smallfoot	$214,115,531	$83,315,531	38.90%	$130,800,000	61.10%	2018
785	Public Enemies	$214,104,620	$97,104,620	45.40%	$117,000,000	54.60%	2009
786	The Bourne Identity	$214,034,224	$121,661,683	56.80%	$92,372,541	43.20%	2002
787	Disclosure	$214,015,089	$83,015,089	38.80%	$131,000,000	61.20%	1994
788	Pulp Fiction	$213,928,762	$107,928,762	50.40%	$106,000,000	49.60%	1994
789	The Aviator	$213,719,942	$102,610,330	48%	$111,109,612	52%	2004
790	Crouching Tiger, Hidden Dragon	$213,525,736	$128,078,872	60%	$85,446,864	40%	2000
791	Braveheart	$213,216,216	$75,609,945	35.50%	$137,606,271	64.50%	1995
792	Into the Woods	$212,902,372	$128,002,372	60.10%	$84,900,000	39.90%	2014
793	Bedtime Stories	$212,874,864	$110,101,975	51.70%	$102,772,889	48.30%	2008
794	Miss Congeniality	$212,742,720	$106,807,667	50.20%	$105,935,053	49.80%	2000
795	Entrapment	$212,404,396	$87,704,396	41.30%	$124,700,000	58.70%	1999
796	Ace Ventura: When Nature Calls	$212,385,533	$108,385,533	51%	$104,000,000	49%	1995
797	End of Days	$211,989,043	$66,889,043	31.60%	$145,100,000	68.40%	1999
798	Bridget Jones's Baby	$211,952,420	$24,252,420	11.40%	$187,700,000	88.60%	2016
799	Fury	$211,822,697	$85,817,906	40.50%	$126,004,791	59.50%	2014
800	Battle Los Angeles	$211,819,354	$83,552,429	39.40%	$128,266,925	60.60%	2011
801	Australia	$211,787,511	$49,554,002	23.40%	$162,233,509	76.60%	2008
802	Due Date	$211,780,824	$100,539,043	47.50%	$111,241,781	52.50%	2010
803	Master and Commander: The Far Side of the World	$211,622,535	$93,927,920	44.40%	$117,694,615	55.60%	2003
804	A Series of Unfortunate Events	$211,468,235	$118,634,549	56.10%	$92,833,686	43.90%	2004
805	The Little Mermaid	$211,343,479	$111,543,479	52.80%	$99,800,000	47.20%	1989
806	Nice View	$211,019,299	-	-	$211,019,299	100%	2022
807	District 9	$210,888,950	$115,646,235	54.80%	$95,242,715	45.20%	2009
808	Moonraker	$210,308,099	$70,308,099	33.40%	$140,000,000	66.60%	1979
809	The Others	$209,947,037	$96,522,687	46%	$113,424,350	54%	2001
810	Horrible Bosses	$209,838,559	$117,538,559	56%	$92,300,000	44%	2011
811	Us and Them	$209,221,380	-	-	$209,221,380	100%	2018
812	Red Dragon	$209,196,298	$93,149,898	44.50%	$116,046,400	55.50%	2002
813	Tomorrowland	$209,035,668	$93,436,322	44.70%	$115,599,346	55.30%	2015
814	Me Before You	$208,314,186	$56,245,075	27%	$152,069,111	73%	2016
815	Safe House	$208,076,205	$126,373,434	60.70%	$81,702,771	39.30%	2012
816	Fantastic Beasts: The Secrets of Dumbledore	$207,927,000	$57,227,000	27.50%	$150,700,000	72.50%	2022
817	S.W.A.T.	$207,725,639	$116,934,650	56.30%	$90,790,989	43.70%	2003
818	The Fast and the Furious	$207,517,509	$144,745,925	69.80%	$62,771,584	30.20%	2001
819	Traffic	$207,515,725	$124,115,725	59.80%	$83,400,000	40.20%	2000
820	Paranormal Activity 3	$207,039,844	$104,028,807	50.20%	$103,011,037	49.80%	2011
821	Philadelphia	$206,678,440	$77,446,440	37.50%	$129,232,000	62.50%	1993
822	Sleepy Hollow	$206,071,502	$101,071,502	49%	$105,000,000	51%	1999
823	The Holiday	$205,850,134	$63,224,849	30.70%	$142,625,285	69.30%	2006
824	Raging Fire	$205,846,481	$385,305	0.20%	$205,461,176	99.80%	2021
825	The Jungle Book	$205,843,612	$141,843,612	68.90%	$64,000,000	31.10%	1967
826	London Has Fallen	$205,754,447	$62,524,260	30.40%	$143,230,187	69.60%	2016
827	The Break-Up	$205,668,210	$118,703,275	57.70%	$86,964,935	42.30%	2006
828	Journey to the West	$205,637,183	$18,058	<0.1%	$205,619,125	100%	2013
829	JFK	$205,405,498	$70,405,498	34.30%	$135,000,000	65.70%	1991
830	White House Down	$205,366,737	$73,103,784	35.60%	$132,262,953	64.40%	2013
831	A Dog's Purpose	$205,035,819	$64,508,620	31.50%	$140,527,199	68.50%	2017
832	Ponyo	$204,826,668	$15,743,471	7.70%	$189,083,197	92.30%	2008
833	Fun with Dick and Jane	$204,681,899	$110,332,737	53.90%	$94,349,162	46.10%	2005
834	Eat Pray Love	$204,594,016	$80,574,010	39.40%	$124,020,006	60.60%	2010
835	You Don't Mess with the Zohan	$204,313,400	$100,018,837	49%	$104,294,563	51%	2008
836	The Addams Family	$203,783,845	$100,723,831	49.40%	$103,060,014	50.60%	2019
837	Hairspray	$203,627,753	$118,946,291	58.40%	$84,681,462	41.60%	2007
838	King Arthur	$203,567,857	$51,882,244	25.50%	$151,685,613	74.50%	2004
839	Yogi Bear	$203,509,374	$100,246,011	49.30%	$103,263,363	50.70%	2010
840	Everest	$203,427,584	$43,482,270	21.40%	$159,945,314	78.60%	2015
841	Vanilla Sky	$203,388,341	$100,618,344	49.50%	$102,769,997	50.50%	2001
842	Arrival	$203,388,186	$100,546,139	49.40%	$102,842,047	50.60%	2016
843	Need for Speed	$203,277,636	$43,577,636	21.40%	$159,700,000	78.60%	2014
844	Garfield	$203,172,417	$75,369,589	37.10%	$127,802,828	62.90%	2004
845	Patch Adams	$202,292,902	$135,026,902	66.80%	$67,266,000	33.20%	1998
846	Teenage Mutant Ninja Turtles	$202,084,756	$135,384,756	67%	$66,700,000	33%	1990
847	The Conjuring: The Devil Made Me Do It	$202,031,050	$65,631,050	32.50%	$136,400,000	67.50%	2021
848	Kindergarten Cop	$201,957,688	$91,457,688	45.30%	$110,500,000	54.70%	1990
849	Birds of Prey	$201,872,791	$84,172,791	41.70%	$117,700,000	58.30%	2020
850	Straight Outta Compton	$201,634,991	$161,197,785	80%	$40,437,206	20%	2015
851	21 Jump Street	$201,585,328	$138,447,667	68.70%	$63,137,661	31.30%	2012
852	Valkyrie	$201,545,517	$83,077,833	41.20%	$118,467,684	58.80%	2008
853	Open Season	$200,811,689	$85,105,259	42.40%	$115,706,430	57.60%	2006
854	Cats & Dogs	$200,687,492	$93,385,515	46.50%	$107,301,977	53.50%	2001
855	The Hunt for Red October	$200,512,643	$122,012,643	60.80%	$78,500,000	39.20%	1990
856	Percy Jackson: Sea of Monsters	$199,850,315	$68,559,554	34.30%	$131,290,761	65.70%	2013
857	Two Weeks Notice	$199,043,471	$93,354,851	46.90%	$105,688,620	53.10%	2002
858	RED	$199,006,387	$90,380,162	45.40%	$108,626,225	54.60%	2010
859	Shock Wave 2	$198,921,659	-	-	$198,921,659	100%	2020
860	City of Angels	$198,685,114	$78,685,114	39.60%	$120,000,000	60.40%	1998
861	The Pacifier	$198,636,868	$113,086,868	56.90%	$85,550,000	43.10%	2005
862	50 First Dates	$198,520,934	$120,908,074	60.90%	$77,612,860	39.10%	2004
863	Total Recall	$198,467,168	$58,877,969	29.70%	$139,589,199	70.30%	2012
864	The Island	$198,326,350	$670,883	0.30%	$197,655,467	99.70%	2018
865	The Impossible	$198,087,212	$19,019,882	9.60%	$179,067,330	90.40%	2012
866	Lost in Thailand	$197,757,387	$57,387	<0.1%	$197,700,000	100%	2012
867	Christopher Robin	$197,744,377	$99,215,042	50.20%	$98,529,335	49.80%	2018
868	Jack the Giant Slayer	$197,687,603	$65,187,603	33%	$132,500,000	67%	2013
869	Ghostbusters: Afterlife	$197,360,575	$129,360,575	65.60%	$68,000,000	34.40%	2021
870	Smurfs: The Lost Village	$197,183,546	$45,020,282	22.80%	$152,163,264	77.20%	2017
871	Chinese Doctors	$197,143,218	-	-	$197,143,218	100%	2021
872	Spy Kids 3: Game Over	$197,101,678	$111,761,982	56.70%	$85,339,696	43.30%	2003
873	Panic Room	$197,079,546	$96,397,334	48.90%	$100,682,212	51.10%	2002
874	The Other Woman	$196,710,396	$83,911,193	42.70%	$112,799,203	57.30%	2014
875	Stargate	$196,567,262	$71,567,262	36.40%	$125,000,000	63.60%	1994
876	Beowulf	$196,393,745	$82,280,579	41.90%	$114,113,166	58.10%	2007
877	The Vow	$196,114,570	$125,014,030	63.80%	$71,100,540	36.20%	2012
878	Anger Management	$195,745,823	$135,645,823	69.30%	$60,100,000	30.70%	2003
879	Tropic Thunder	$195,702,963	$110,515,313	56.50%	$85,187,650	43.50%	2008
880	The Shape of Water	$195,333,312	$63,859,435	32.70%	$131,473,877	67.30%	2017
881	Rocketman	$195,320,400	$96,368,160	49.30%	$98,952,240	50.70%	2019
882	The Pelican Brief	$195,268,056	$100,768,056	51.60%	$94,500,000	48.40%	1993
883	The BFG	$195,243,411	$55,483,770	28.40%	$139,759,641	71.60%	2016
884	The Intern	$194,564,672	$75,764,672	38.90%	$118,800,000	61.10%	2015
885	Wallace & Gromit: The Curse of the Were-Rabbit	$194,137,091	$56,110,897	28.90%	$138,026,194	71.10%	2005
886	Gnomeo & Juliet	$193,967,670	$99,967,670	51.50%	$94,000,000	48.50%	2011
887	Weathering with You	$193,932,489	$8,056,636	4.20%	$185,875,853	95.80%	2019
888	The Sum of All Fears	$193,921,372	$118,907,036	61.30%	$75,014,336	38.70%	2002
889	Gangs of New York	$193,772,504	$77,812,000	40.20%	$115,960,504	59.80%	2002
890	The Monkey King 2	$193,678,298	$709,982	0.40%	$192,968,316	99.60%	2016
891	Paranormal Activity	$193,355,800	$107,918,810	55.80%	$85,436,990	44.20%	2009
892	The Lego Movie 2: The Second Part	$192,456,290	$105,956,290	55%	$86,500,000	45%	2019
893	The Equalizer	$192,330,738	$101,530,738	52.80%	$90,800,000	47.20%	2014
894	Sheep Without a Shepherd	$191,602,146	-	-	$191,602,146	100%	2019
895	The Addams Family	$191,502,426	$113,502,426	59.30%	$78,000,000	40.70%	1991
896	The Longest Yard	$191,466,556	$158,119,460	82.60%	$33,347,096	17.40%	2005
897	The Santa Clause	$190,539,357	$145,539,357	76.40%	$45,000,000	23.60%	1994
898	Cheaper by the Dozen	$190,538,630	$138,614,544	72.80%	$51,924,086	27.20%	2003
899	The Equalizer 2	$190,400,157	$102,084,362	53.60%	$88,315,795	46.40%	2018
900	Hollow Man	$190,213,455	$73,209,340	38.50%	$117,004,115	61.50%	2000
901	Outbreak	$189,859,560	$67,659,560	35.60%	$122,200,000	64.40%	1995
902	The White Storm 2: Drug Lords	$189,396,380	$609,461	0.30%	$188,786,919	99.70%	2019
903	The X Files	$189,176,423	$83,898,313	44.40%	$105,278,110	55.60%	1998
904	Breakup Buddies	$189,017,596	$777,896	0.40%	$188,239,700	99.60%	2014
905	Rambo III	$189,015,611	$53,715,611	28.40%	$135,300,000	71.60%	1988
906	The Secret Life of Walter Mitty	$188,133,322	$58,236,838	31%	$129,896,484	69%	2013
907	Project Gutenberg	$188,116,796	-	-	$188,116,796	100%	2018
908	Jaws 2	$187,884,007	$81,766,007	43.50%	$106,118,000	56.50%	1978
909	12 Years a Slave	$187,733,202	$56,671,993	30.20%	$131,061,209	69.80%	2013
910	Heat	$187,436,818	$67,436,818	36%	$120,000,000	64%	1995
911	Mr. Popper's Penguins	$187,361,754	$68,224,452	36.40%	$119,137,302	63.60%	2011
912	The Grudge	$187,281,115	$110,359,362	58.90%	$76,921,753	41.10%	2004
913	I Now Pronounce You Chuck & Larry	$187,134,117	$120,059,556	64.20%	$67,074,561	35.80%	2007
914	The Horse Whisperer	$186,883,563	$75,383,563	40.30%	$111,500,000	59.70%	1998
915	Walk the Line	$186,797,986	$119,519,402	64%	$67,278,584	36%	2005
916	Jian Bing Man	$186,699,768	-	-	$186,699,768	100%	2015
917	The Jungle Book 2	$186,303,759	$47,901,582	25.70%	$138,402,177	74.30%	2003
918	The Final Destination	$186,167,139	$66,477,700	35.70%	$119,689,439	64.30%	2009
919	Atlantis: The Lost Empire	$186,053,725	$84,056,472	45.20%	$101,997,253	54.80%	2001
920	Inside Man	$186,003,591	$88,513,495	47.60%	$97,490,096	52.40%	2006
921	The Waterboy	$185,991,646	$161,491,646	86.80%	$24,500,000	13.20%	1998
922	Hugo	$185,770,310	$73,864,507	39.80%	$111,905,803	60.20%	2011
923	Pitch Perfect 3	$185,400,345	$104,897,530	56.60%	$80,502,815	43.40%	2017
924	Watchmen	$185,382,813	$107,509,799	58%	$77,873,014	42%	2009
925	The Birdcage	$185,260,553	$124,060,553	67%	$61,200,000	33%	1996
926	Moulin Rouge!	$184,935,320	$57,386,607	31%	$127,548,713	69%	2001
927	Snow White and the Seven Dwarfs	$184,925,486	$184,925,486	100%	$0	-	1937
928	Hop	$184,367,145	$108,498,305	58.80%	$75,868,840	41.20%	2011
929	Bad Moms	$183,936,074	$113,257,297	61.60%	$70,678,777	38.40%	2016
930	Jupiter Ascending	$183,887,723	$47,387,723	25.80%	$136,500,000	74.20%	2015
931	Knowing	$183,658,498	$79,957,634	43.50%	$103,700,864	56.50%	2007
932	102 Dalmatians	$183,611,771	$66,957,026	36.50%	$116,654,745	63.50%	2000
933	Storks	$183,510,278	$72,800,603	39.70%	$110,709,675	60.30%	2016
934	Stand by Me Doraemon	$183,442,714	-	-	$183,442,714	100%	2014
935	Paul Blart: Mall Cop	$183,348,429	$146,336,178	79.80%	$37,012,251	20.20%	2009
936	Wayne's World	$183,097,323	$121,697,323	66.50%	$61,400,000	33.50%	1992
937	Maverick	$183,031,272	$101,631,272	55.50%	$81,400,000	44.50%	1994
938	Mirror Mirror	$183,018,522	$64,935,167	35.50%	$118,083,355	64.50%	2012
939	The Man in the Iron Mask	$182,968,902	$56,968,902	31.10%	$126,000,000	68.90%	1998
940	Cape Fear	$182,291,969	$79,091,969	43.40%	$103,200,000	56.60%	1991
941	The Haunted Mansion	$182,290,266	$75,847,266	41.60%	$106,443,000	58.40%	2003
942	The Monkey King Havoc in Heavens Palace	$182,206,924	-	-	$182,206,924	100%	2014
943	While You Were Sleeping	$182,057,016	$81,057,016	44.50%	$101,000,000	55.50%	1995
944	The Bridges of Madison County	$182,016,617	$71,516,617	39.30%	$110,500,000	60.70%	1995
945	From Vegas to Macau III	$181,732,879	-	-	$181,732,879	100%	2016
946	Poseidon	$181,674,817	$60,674,817	33.40%	$121,000,000	66.60%	2006
947	The First Wives Club	$181,489,203	$105,489,203	58.10%	$76,000,000	41.90%	1996
948	Cliff Walkers	$181,325,565	$152,972	<0.1%	$181,172,593	99.90%	2021
949	Scooby-Doo 2: Monsters Unleashed	$181,239,132	$84,239,132	46.50%	$97,000,000	53.50%	2004
950	Hot Shots!	$181,096,164	$69,467,617	38.40%	$111,628,547	61.60%	1991
951	Road to Perdition	$181,001,478	$104,454,762	57.70%	$76,546,716	42.30%	2002
952	Kill Bill: Vol. 1	$180,906,076	$70,099,045	38.80%	$110,807,031	61.20%	2003
953	Abominable	$180,733,970	$61,270,390	33.90%	$119,463,580	66.10%	2019
954	The Scorpion King	$180,630,907	$91,047,077	50.40%	$89,583,830	49.60%	2002
955	Sweet Home Alabama	$180,622,424	$127,223,418	70.40%	$53,399,006	29.60%	2002
956	Daddy's Home 2	$180,613,824	$104,029,443	57.60%	$76,584,381	42.40%	2017
957	Hacksaw Ridge	$180,563,636	$67,209,615	37.20%	$113,354,021	62.80%	2016
958	Deja Vu	$180,557,550	$64,038,616	35.50%	$116,518,934	64.50%	2006
959	The Post	$180,419,276	$81,903,458	45.40%	$98,515,818	54.60%	2017
960	Dangerous Minds	$179,519,401	$84,919,401	47.30%	$94,600,000	52.70%	1995
961	The Dictator	$179,379,533	$59,650,222	33.20%	$119,729,311	66.80%	2012
962	The League of Extraordinary Gentlemen	$179,265,204	$66,465,204	37.10%	$112,800,000	62.90%	2003
963	Allegiant	$179,246,868	$66,184,051	36.90%	$113,062,817	63.10%	2016
964	Daredevil	$179,179,718	$102,543,518	57.20%	$76,636,200	42.80%	2003
965	City Slickers	$179,033,791	$124,033,791	69.30%	$55,000,000	30.70%	1991
966	He's Just Not That Into You	$178,866,158	$93,953,653	52.50%	$84,912,505	47.50%	2009
967	Eagle Eye	$178,767,383	$101,440,743	56.70%	$77,326,640	43.30%	2008
968	Along Came Polly	$178,311,729	$88,097,164	49.40%	$90,214,565	50.60%	2004
969	Flushed Away	$178,281,554	$64,665,672	36.30%	$113,615,882	63.70%	2006
970	Scary Movie 4	$178,262,620	$90,710,620	50.90%	$87,552,000	49.10%	2006
971	Dante's Peak	$178,127,760	$67,127,760	37.70%	$111,000,000	62.30%	1997
972	Brokeback Mountain	$178,062,759	$83,043,761	46.60%	$95,018,998	53.40%	2005
973	Patriot Games	$178,051,587	$83,351,587	46.80%	$94,700,000	53.20%	1992
974	Flubber	$177,977,226	$92,977,226	52.20%	$85,000,000	47.80%	1997
975	Baywatch	$177,856,751	$58,060,186	32.60%	$119,796,565	67.40%	2017
976	Double Jeopardy	$177,841,558	$116,741,558	65.60%	$61,100,000	34.40%	1999
977	War Horse	$177,584,879	$79,884,879	45%	$97,700,000	55%	2011
978	Paranormal Activity 2	$177,512,032	$84,752,907	47.70%	$92,759,125	52.30%	2010
979	How to Lose a Guy in 10 Days	$177,502,387	$105,813,373	59.60%	$71,689,014	40.40%	2003
980	Alien vs. Predator	$177,427,090	$80,282,231	45.20%	$97,144,859	54.80%	2004
981	Hero	$177,395,557	$53,710,019	30.30%	$123,685,538	69.70%	2002
982	The 40-Year-Old Virgin	$177,378,645	$109,449,237	61.70%	$67,929,408	38.30%	2005
983	Lee Daniels' The Butler	$177,313,795	$116,632,095	65.80%	$60,681,700	34.20%	2013
984	The Haunting	$177,311,151	$91,411,151	51.60%	$85,900,000	48.40%	1999
985	The Descendants	$177,243,185	$82,584,160	46.60%	$94,659,025	53.40%	2011
986	The A-Team	$177,238,796	$77,222,099	43.60%	$100,016,697	56.40%	2010
987	Tootsie	$177,200,000	$177,200,000	100%	$0	-	1982
988	In the Line of Fire	$176,997,168	$102,314,823	57.80%	$74,682,345	42.20%	1993
989	Analyze This	$176,885,658	$106,885,658	60.40%	$70,000,000	39.60%	1999
990	The Hitman's Bodyguard	$176,600,207	$75,468,583	42.70%	$101,131,624	57.30%	2017
991	Looper	$176,506,819	$66,486,205	37.70%	$110,020,614	62.30%	2012
992	Serial (Bad) Weddings	$176,404,493	-	-	$176,404,493	100%	2014
993	Ip Man 4: The Finale	$176,345,966	$3,956,031	2.20%	$172,389,935	97.80%	2019
994	Dr. Dolittle 2	$176,104,344	$112,952,899	64.10%	$63,151,445	35.90%	2001
995	The Italian Job	$176,070,171	$106,128,601	60.30%	$69,941,570	39.70%	2003
996	The Bucket List	$175,372,502	$93,466,502	53.30%	$81,906,000	46.70%	2007
997	Sleeping with the Enemy	$174,999,005	$101,599,005	58.10%	$73,400,000	41.90%	1991
998	Cowboys & Aliens	$174,822,325	$100,240,551	57.30%	$74,581,774	42.70%	2011
999	The Mule	$174,804,407	$103,804,407	59.40%	$71,000,000	40.60%	2018
1000	George of the Jungle	$174,463,257	$105,263,257	60.30%	$69,200,000	39.70%	1997